2020.03.23,23:57:00,1.07637,1.07645,1.07633,1.07636,59.43
2020.03.23,23:58:00,1.07636,1.07639,1.07634,1.07637,54.36
2020.03.23,23:59:00,1.07637,1.0764,1.07631,1.07635,29.57
2020.03.24,00:00:00,1.07633,1.07638,1.07629,1.07633,69.48
2020.03.24,00:01:00,1.07632,1.07637,1.07629,1.07632,37.61
2020.03.24,00:02:00,1.07633,1.07639,1.07632,1.07633,120.17
2020.03.24,00:03:00,1.07634,1.07637,1.07631,1.07632,62.55
2020.03.24,00:04:00,1.07634,1.07635,1.07631,1.07631,29.91
2020.03.24,00:05:00,1.07634,1.07634,1.0763,1.07631,33.36
2020.03.24,00:06:00,1.07631,1.07635,1.0763,1.0763,72.97
2020.03.24,00:07:00,1.0763,1.07673,1.0763,1.07666,137.27
2020.03.24,00:08:00,1.07667,1.07693,1.0766,1.07665,156.74
2020.03.24,00:09:00,1.07664,1.07692,1.07664,1.07684,61.6
2020.03.24,00:10:00,1.07685,1.07699,1.07683,1.07697,64.9
2020.03.24,00:11:00,1.07697,1.07701,1.07683,1.07686,182.1
2020.03.24,00:12:00,1.07684,1.07688,1.07658,1.07658,168.18
2020.03.24,00:13:00,1.0766,1.0766,1.07633,1.07638,129.22
2020.03.24,00:14:00,1.07638,1.0764,1.07628,1.07629,134.26
2020.03.24,00:15:00,1.07629,1.0763,1.07619,1.07623,80.57
2020.03.24,00:16:00,1.07623,1.07629,1.07576,1.07576,164.83
2020.03.24,00:17:00,1.07581,1.07596,1.07551,1.07567,133.09
2020.03.24,00:18:00,1.07566,1.0757,1.07527,1.07532,111.91
2020.03.24,00:19:00,1.07531,1.07557,1.07521,1.07549,109.98
2020.03.24,00:20:00,1.07548,1.07555,1.07527,1.07547,152.69
2020.03.24,00:21:00,1.07547,1.07548,1.0753,1.07531,89.55
2020.03.24,00:22:00,1.07532,1.07534,1.0752,1.07533,135.67
2020.03.24,00:23:00,1.07533,1.07581,1.07522,1.07574,185.52
2020.03.24,00:24:00,1.07577,1.07625,1.07576,1.07621,293.37
2020.03.24,00:25:00,1.07619,1.07629,1.07609,1.07612,133.46
2020.03.24,00:26:00,1.07612,1.07614,1.07593,1.07598,130.51
2020.03.24,00:27:00,1.07598,1.07616,1.07598,1.07609,177.83
2020.03.24,00:28:00,1.07613,1.07619,1.07609,1.07614,164.59
2020.03.24,00:29:00,1.07615,1.07631,1.07615,1.07623,119.04
2020.03.24,00:30:00,1.07623,1.07627,1.07622,1.07623,245.12
2020.03.24,00:31:00,1.07623,1.07643,1.07623,1.07641,119.76
2020.03.24,00:32:00,1.07642,1.07653,1.07642,1.07646,90.58
2020.03.24,00:33:00,1.07647,1.07653,1.07646,1.07648,136.28
2020.03.24,00:34:00,1.07649,1.07678,1.07647,1.07666,165.69
2020.03.24,00:35:00,1.07665,1.07699,1.07662,1.07696,196.52
2020.03.24,00:36:00,1.07697,1.07723,1.07697,1.07716,151.12
2020.03.24,00:37:00,1.07718,1.07761,1.07718,1.07731,156.54
2020.03.24,00:38:00,1.0773,1.07734,1.07727,1.07729,91.31
2020.03.24,00:39:00,1.07729,1.07767,1.07729,1.07761,168.76
2020.03.24,00:40:00,1.0777,1.07777,1.07731,1.07762,340.52
2020.03.24,00:41:00,1.07762,1.0777,1.07735,1.07764,132.31
2020.03.24,00:42:00,1.07764,1.07776,1.07761,1.07774,103.71
2020.03.24,00:43:00,1.07774,1.07778,1.07765,1.07766,96.96
2020.03.24,00:44:00,1.07765,1.07765,1.07732,1.07737,158.8
2020.03.24,00:45:00,1.07736,1.07755,1.07735,1.07748,164.85
2020.03.24,00:46:00,1.07749,1.07757,1.07746,1.07748,79.94
2020.03.24,00:47:00,1.07748,1.07753,1.07732,1.07734,121
2020.03.24,00:48:00,1.07735,1.07771,1.07729,1.07771,160.6
2020.03.24,00:49:00,1.0777,1.07804,1.07769,1.07799,182.8
2020.03.24,00:50:00,1.07801,1.07812,1.07796,1.078,127.08
2020.03.24,00:51:00,1.078,1.07825,1.0779,1.07822,243.91
2020.03.24,00:52:00,1.0782,1.07875,1.07816,1.07873,294.21
2020.03.24,00:53:00,1.07874,1.07942,1.07874,1.07928,280.59
2020.03.24,00:54:00,1.07928,1.08092,1.07924,1.0808,522.87
2020.03.24,00:55:00,1.0808,1.08105,1.08061,1.08073,443.48
2020.03.24,00:56:00,1.08072,1.08076,1.08012,1.08056,353.23
2020.03.24,00:57:00,1.08054,1.08059,1.07983,1.07995,209.91
2020.03.24,00:58:00,1.07992,1.08052,1.07983,1.08022,216.93
2020.03.24,00:59:00,1.08022,1.08032,1.07957,1.07957,314.08
2020.03.24,01:00:00,1.07957,1.08061,1.07948,1.08041,359.65
2020.03.24,01:01:00,1.0804,1.08065,1.08035,1.08037,228.66
2020.03.24,01:02:00,1.08037,1.08038,1.08004,1.08027,192.73
2020.03.24,01:03:00,1.08033,1.08046,1.08004,1.0803,206.06
2020.03.24,01:04:00,1.08029,1.08044,1.08022,1.08039,215.47
2020.03.24,01:05:00,1.08039,1.08135,1.08039,1.08127,223.29
2020.03.24,01:06:00,1.08126,1.08132,1.08103,1.08114,149.77
2020.03.24,01:07:00,1.08115,1.08166,1.08115,1.08151,192.28
2020.03.24,01:08:00,1.08151,1.08154,1.08105,1.08146,187.31
2020.03.24,01:09:00,1.08146,1.08149,1.08129,1.08135,127.28
2020.03.24,01:10:00,1.08134,1.08226,1.08133,1.08223,174.14
2020.03.24,01:11:00,1.08223,1.08227,1.08171,1.08172,100.22
2020.03.24,01:12:00,1.08173,1.08175,1.08129,1.08147,145.37
2020.03.24,01:13:00,1.08147,1.08167,1.08136,1.08139,159.42
2020.03.24,01:14:00,1.08139,1.08146,1.08131,1.08136,122.71
2020.03.24,01:15:00,1.08137,1.08192,1.08136,1.08181,116.72
2020.03.24,01:16:00,1.08182,1.08183,1.08165,1.08168,58.1
2020.03.24,01:17:00,1.08169,1.08174,1.08159,1.08163,45.28
2020.03.24,01:18:00,1.08163,1.0818,1.08158,1.0818,36.63
2020.03.24,01:19:00,1.0818,1.08185,1.08166,1.08172,94.32
2020.03.24,01:20:00,1.08171,1.08178,1.08162,1.08167,52.61
2020.03.24,01:21:00,1.08167,1.08181,1.08164,1.08176,98.35
2020.03.24,01:22:00,1.08178,1.08178,1.08093,1.08104,134.37
2020.03.24,01:23:00,1.08105,1.08114,1.08028,1.0803,290.53
2020.03.24,01:24:00,1.08029,1.08074,1.08028,1.08074,190.94
2020.03.24,01:25:00,1.08076,1.08077,1.08046,1.08054,154.45
2020.03.24,01:26:00,1.08053,1.08068,1.0805,1.08057,110.35
2020.03.24,01:27:00,1.08057,1.08106,1.08056,1.08102,87.97
2020.03.24,01:28:00,1.08102,1.08114,1.08082,1.08084,121.35
2020.03.24,01:29:00,1.08085,1.08085,1.0804,1.08042,121.7
2020.03.24,01:30:00,1.08043,1.08048,1.08018,1.08028,145.11
2020.03.24,01:31:00,1.08028,1.08045,1.08028,1.08043,210.98
2020.03.24,01:32:00,1.08043,1.08063,1.08037,1.08043,168.12
2020.03.24,01:33:00,1.08043,1.0809,1.08043,1.08079,170.5
2020.03.24,01:34:00,1.08077,1.08102,1.08065,1.08076,123.51
2020.03.24,01:35:00,1.08078,1.08094,1.0806,1.08088,162.5
2020.03.24,01:36:00,1.08091,1.08101,1.08077,1.08086,154.41
2020.03.24,01:37:00,1.08087,1.08096,1.08061,1.08065,139.88
2020.03.24,01:38:00,1.08064,1.08067,1.08037,1.08039,141.91
2020.03.24,01:39:00,1.08041,1.08047,1.07998,1.08003,136.95
2020.03.24,01:40:00,1.08003,1.08038,1.07985,1.07988,206.86
2020.03.24,01:41:00,1.0799,1.07994,1.07959,1.07962,357.36
2020.03.24,01:42:00,1.0796,1.0797,1.07946,1.07951,284.17
2020.03.24,01:43:00,1.0795,1.07968,1.07942,1.07958,203.69
2020.03.24,01:44:00,1.0796,1.07966,1.07877,1.07892,408.15
2020.03.24,01:45:00,1.07891,1.07921,1.07884,1.07916,250.59
2020.03.24,01:46:00,1.07917,1.07927,1.07904,1.07906,167.78
2020.03.24,01:47:00,1.07907,1.07933,1.07903,1.07929,169.36
2020.03.24,01:48:00,1.07928,1.07944,1.07926,1.07943,215.25
2020.03.24,01:49:00,1.07942,1.07944,1.0793,1.07931,304.58
2020.03.24,01:50:00,1.07931,1.07934,1.0793,1.07931,249.05
2020.03.24,01:51:00,1.0793,1.0794,1.0793,1.07931,228.44
2020.03.24,01:52:00,1.0794,1.07964,1.07939,1.07941,208.88
2020.03.24,01:53:00,1.07942,1.07947,1.07931,1.07942,165.82
2020.03.24,01:54:00,1.07941,1.07945,1.07938,1.0794,57.28
2020.03.24,01:55:00,1.07939,1.08005,1.07939,1.07996,144.61
2020.03.24,01:56:00,1.07996,1.0802,1.07994,1.08006,249.55
2020.03.24,01:57:00,1.08007,1.08009,1.07984,1.0799,189.76
2020.03.24,01:58:00,1.07991,1.07991,1.07969,1.07969,141.56
2020.03.24,01:59:00,1.07969,1.07969,1.07911,1.07934,186.31
2020.03.24,02:00:00,1.07935,1.07955,1.07929,1.07952,184.87
2020.03.24,02:01:00,1.07953,1.07974,1.07948,1.07971,194.63
2020.03.24,02:02:00,1.0797,1.07972,1.07955,1.07961,91.64
2020.03.24,02:03:00,1.07959,1.0796,1.07923,1.07926,135.21
2020.03.24,02:04:00,1.07924,1.0794,1.0791,1.07937,142.73
2020.03.24,02:05:00,1.07939,1.07943,1.07933,1.07939,139.48
2020.03.24,02:06:00,1.07937,1.07986,1.07937,1.07984,211.71
2020.03.24,02:07:00,1.07983,1.08027,1.07977,1.08024,140.6
2020.03.24,02:08:00,1.08024,1.08042,1.08024,1.08041,189.62
2020.03.24,02:09:00,1.08041,1.08062,1.08033,1.08059,213.82
2020.03.24,02:10:00,1.08059,1.08088,1.08059,1.08076,167.85
2020.03.24,02:11:00,1.08075,1.08088,1.08062,1.08088,109.04
2020.03.24,02:12:00,1.08088,1.0814,1.08085,1.08139,187.9
2020.03.24,02:13:00,1.08138,1.08143,1.08111,1.08133,182.69
2020.03.24,02:14:00,1.08126,1.08136,1.08099,1.08106,111.84
2020.03.24,02:15:00,1.08106,1.08117,1.08093,1.08111,128.87
2020.03.24,02:16:00,1.08111,1.08134,1.08096,1.08115,142.14
2020.03.24,02:17:00,1.08115,1.0814,1.08111,1.08126,79.78
2020.03.24,02:18:00,1.08124,1.08138,1.08122,1.08135,51.86
2020.03.24,02:19:00,1.08137,1.08175,1.08135,1.0815,133.55
2020.03.24,02:20:00,1.08149,1.08177,1.08121,1.08169,163.45
2020.03.24,02:21:00,1.08169,1.08178,1.08152,1.08155,110.48
2020.03.24,02:22:00,1.08155,1.08166,1.08132,1.0814,70.99
2020.03.24,02:23:00,1.08141,1.08142,1.08099,1.0811,71.49
2020.03.24,02:24:00,1.08111,1.08135,1.08088,1.08134,122.38
2020.03.24,02:25:00,1.08134,1.08134,1.08103,1.08125,78.15
2020.03.24,02:26:00,1.08124,1.08126,1.08108,1.08117,80.58
2020.03.24,02:27:00,1.08117,1.08119,1.08081,1.08086,99.75
2020.03.24,02:28:00,1.08087,1.08108,1.08084,1.081,161.66
2020.03.24,02:29:00,1.08101,1.08109,1.08096,1.08099,284
2020.03.24,02:30:00,1.081,1.081,1.08048,1.08072,206.16
2020.03.24,02:31:00,1.08072,1.0808,1.08056,1.08062,85.38
2020.03.24,02:32:00,1.08062,1.08079,1.08041,1.08065,150.71
2020.03.24,02:33:00,1.08066,1.08081,1.08062,1.08075,103.92
2020.03.24,02:34:00,1.08075,1.08076,1.08061,1.08061,93.78
2020.03.24,02:35:00,1.0806,1.08078,1.08055,1.08077,69.09
2020.03.24,02:36:00,1.08076,1.081,1.08075,1.08095,106.78
2020.03.24,02:37:00,1.08094,1.08098,1.08091,1.08094,170.46
2020.03.24,02:38:00,1.08096,1.08096,1.08078,1.08078,106.21
2020.03.24,02:39:00,1.08082,1.08084,1.08061,1.08064,125.59
2020.03.24,02:40:00,1.08064,1.08095,1.08064,1.0809,120.99
2020.03.24,02:41:00,1.08091,1.08099,1.08089,1.08093,176.44
2020.03.24,02:42:00,1.0809,1.08111,1.0808,1.0811,163.12
2020.03.24,02:43:00,1.08111,1.08118,1.08102,1.08118,118.03
2020.03.24,02:44:00,1.08116,1.08117,1.08082,1.08083,110.97
2020.03.24,02:45:00,1.08082,1.08082,1.08054,1.0806,73.42
2020.03.24,02:46:00,1.08058,1.08058,1.08031,1.08036,128.65
2020.03.24,02:47:00,1.08037,1.08038,1.07963,1.07993,340.89
2020.03.24,02:48:00,1.07993,1.08014,1.07987,1.07992,197.85
2020.03.24,02:49:00,1.07993,1.07998,1.07982,1.07992,130.54
2020.03.24,02:50:00,1.07993,1.08029,1.07991,1.08025,201.4
2020.03.24,02:51:00,1.08024,1.08052,1.08015,1.08039,225.38
2020.03.24,02:52:00,1.08038,1.08038,1.07991,1.08015,251.63
2020.03.24,02:53:00,1.08013,1.08033,1.08011,1.08027,146.1
2020.03.24,02:54:00,1.08027,1.08083,1.08027,1.08078,172.82
2020.03.24,02:55:00,1.08077,1.0809,1.08019,1.08086,246.71
2020.03.24,02:56:00,1.08085,1.08124,1.0808,1.08081,251.39
2020.03.24,02:57:00,1.08081,1.08115,1.08081,1.08099,214.29
2020.03.24,02:58:00,1.08099,1.08136,1.08099,1.0813,177.25
2020.03.24,02:59:00,1.08129,1.08139,1.08103,1.08112,167.62
2020.03.24,03:00:00,1.08112,1.08112,1.08066,1.08075,167.96
2020.03.24,03:01:00,1.08075,1.08084,1.08068,1.08071,131.31
2020.03.24,03:02:00,1.08071,1.08089,1.08064,1.08076,139.85
2020.03.24,03:03:00,1.08075,1.08077,1.08073,1.08074,40.35
2020.03.24,03:04:00,1.08074,1.08076,1.08054,1.08073,138.44
2020.03.24,03:05:00,1.08073,1.08074,1.08072,1.08073,67.62
2020.03.24,03:06:00,1.08071,1.08077,1.0807,1.08073,69.55
2020.03.24,03:07:00,1.08073,1.08076,1.08018,1.08021,133.58
2020.03.24,03:08:00,1.08022,1.08059,1.0802,1.08056,104.55
2020.03.24,03:09:00,1.08057,1.08085,1.08056,1.0808,119.67
2020.03.24,03:10:00,1.0808,1.08139,1.08079,1.08137,168.53
2020.03.24,03:11:00,1.08137,1.08163,1.0813,1.08158,157.35
2020.03.24,03:12:00,1.08161,1.08166,1.08093,1.08114,218.44
2020.03.24,03:13:00,1.08115,1.08117,1.08092,1.08095,95.61
2020.03.24,03:14:00,1.08095,1.08121,1.08095,1.08119,94.06
2020.03.24,03:15:00,1.08119,1.0813,1.08111,1.0812,169.98
2020.03.24,03:16:00,1.08122,1.08125,1.081,1.08105,97.57
2020.03.24,03:17:00,1.08104,1.08105,1.08093,1.08095,136.29
2020.03.24,03:18:00,1.08097,1.08097,1.08052,1.08064,94.81
2020.03.24,03:19:00,1.08062,1.08062,1.08033,1.08053,161.88
2020.03.24,03:20:00,1.08056,1.08065,1.08049,1.08054,50.48
2020.03.24,03:21:00,1.08053,1.08053,1.0796,1.07982,181.61
2020.03.24,03:22:00,1.07983,1.07985,1.07955,1.07978,128.35
2020.03.24,03:23:00,1.07977,1.08007,1.07929,1.07954,208.86
2020.03.24,03:24:00,1.07955,1.07991,1.07955,1.07987,135.62
2020.03.24,03:25:00,1.07989,1.08004,1.07949,1.07962,194.87
2020.03.24,03:26:00,1.07963,1.07967,1.07954,1.07965,134.06
2020.03.24,03:27:00,1.07965,1.07967,1.07954,1.07959,85.94
2020.03.24,03:28:00,1.07959,1.07981,1.07921,1.07925,140.81
2020.03.24,03:29:00,1.07925,1.07963,1.07921,1.07963,143.91
2020.03.24,03:30:00,1.07963,1.08,1.07953,1.07993,202.4
2020.03.24,03:31:00,1.07991,1.07992,1.07978,1.0799,76.33
2020.03.24,03:32:00,1.07987,1.07989,1.07943,1.07967,121.39
2020.03.24,03:33:00,1.07967,1.07982,1.07962,1.07979,167.41
2020.03.24,03:34:00,1.07979,1.08001,1.07977,1.07983,177.43
2020.03.24,03:35:00,1.07982,1.07986,1.07961,1.07964,125.99
2020.03.24,03:36:00,1.07966,1.08033,1.07966,1.08019,292.67
2020.03.24,03:37:00,1.08019,1.08021,1.07983,1.08007,177.38
2020.03.24,03:38:00,1.08004,1.08017,1.07992,1.08016,157.84
2020.03.24,03:39:00,1.08016,1.08031,1.08016,1.08021,172.92
2020.03.24,03:40:00,1.08022,1.0805,1.08021,1.08028,135.34
2020.03.24,03:41:00,1.08028,1.08029,1.08004,1.08007,153.87
2020.03.24,03:42:00,1.08007,1.08011,1.07986,1.08008,182.14
2020.03.24,03:43:00,1.08009,1.08011,1.07988,1.07992,122.99
2020.03.24,03:44:00,1.07993,1.08,1.07978,1.0799,237.32
2020.03.24,03:45:00,1.07991,1.08044,1.07982,1.08024,171.12
2020.03.24,03:46:00,1.08027,1.08037,1.0799,1.08005,97.11
2020.03.24,03:47:00,1.08003,1.08005,1.07975,1.0798,178.35
2020.03.24,03:48:00,1.07982,1.08009,1.07978,1.07998,92.45
2020.03.24,03:49:00,1.07998,1.08001,1.0798,1.07988,76.12
2020.03.24,03:50:00,1.07991,1.08,1.0799,1.0799,78.17
2020.03.24,03:51:00,1.07991,1.07999,1.07988,1.07997,107.01
2020.03.24,03:52:00,1.07999,1.08017,1.07999,1.08014,123.42
2020.03.24,03:53:00,1.08015,1.08019,1.08011,1.08014,150.24
2020.03.24,03:54:00,1.08013,1.08018,1.08002,1.08013,118.23
2020.03.24,03:55:00,1.08012,1.08014,1.07989,1.07999,88.35
2020.03.24,03:56:00,1.07998,1.0805,1.07998,1.08039,90.02
2020.03.24,03:57:00,1.0804,1.08047,1.08025,1.08032,94.18
2020.03.24,03:58:00,1.08038,1.08045,1.08,1.08,79.62
2020.03.24,03:59:00,1.08002,1.08007,1.07988,1.08003,145.58
2020.03.24,04:00:00,1.08002,1.08087,1.07997,1.08057,270.09
2020.03.24,04:01:00,1.08057,1.08058,1.08003,1.08026,187.59
2020.03.24,04:02:00,1.08025,1.0803,1.08015,1.08021,81.8
2020.03.24,04:03:00,1.0802,1.08052,1.08017,1.08047,112.77
2020.03.24,04:04:00,1.08048,1.08048,1.08021,1.0803,105.93
2020.03.24,04:05:00,1.08032,1.08063,1.08028,1.0806,197.18
2020.03.24,04:06:00,1.0806,1.08067,1.08034,1.08036,133.7
2020.03.24,04:07:00,1.08036,1.0804,1.0802,1.0803,162.75
2020.03.24,04:08:00,1.0803,1.08042,1.08026,1.08038,85
2020.03.24,04:09:00,1.08036,1.08054,1.08017,1.08053,94.58
2020.03.24,04:10:00,1.08053,1.08054,1.0801,1.08017,98.74
2020.03.24,04:11:00,1.08014,1.0803,1.08004,1.08005,114.98
2020.03.24,04:12:00,1.08007,1.08036,1.08005,1.08017,136.04
2020.03.24,04:13:00,1.08017,1.08044,1.08017,1.08036,126.53
2020.03.24,04:14:00,1.08037,1.08038,1.08026,1.08026,85.81
2020.03.24,04:15:00,1.08026,1.08042,1.08005,1.08033,211.69
2020.03.24,04:16:00,1.08028,1.08057,1.08025,1.0803,139.61
2020.03.24,04:17:00,1.08031,1.08031,1.07987,1.07999,183.26
2020.03.24,04:18:00,1.07999,1.0802,1.07992,1.08005,173.3
2020.03.24,04:19:00,1.08007,1.08009,1.07995,1.08005,217.22
2020.03.24,04:20:00,1.08005,1.08021,1.07999,1.08021,173.97
2020.03.24,04:21:00,1.08019,1.08023,1.07987,1.07994,192.92
2020.03.24,04:22:00,1.07995,1.08026,1.07987,1.07989,228.73
2020.03.24,04:23:00,1.07988,1.08,1.07988,1.07996,119.18
2020.03.24,04:24:00,1.07995,1.08013,1.07987,1.08007,191.39
2020.03.24,04:25:00,1.08007,1.0801,1.0799,1.08008,156.86
2020.03.24,04:26:00,1.08009,1.08041,1.08004,1.08037,164.51
2020.03.24,04:27:00,1.08037,1.08037,1.08,1.08003,141.54
2020.03.24,04:28:00,1.08005,1.08005,1.07997,1.08002,70.39
2020.03.24,04:29:00,1.08003,1.08006,1.07988,1.08,88.29
2020.03.24,04:30:00,1.08002,1.08003,1.07992,1.08,51.78
2020.03.24,04:31:00,1.08003,1.08006,1.07998,1.08004,30
2020.03.24,04:32:00,1.08002,1.08004,1.07998,1.08002,69.03
2020.03.24,04:33:00,1.07999,1.08002,1.07999,1.08001,47.21
2020.03.24,04:34:00,1.08,1.08011,1.07999,1.08008,68.5
2020.03.24,04:35:00,1.08009,1.08014,1.07993,1.07993,84.99
2020.03.24,04:36:00,1.07994,1.08004,1.07994,1.08,57.85
2020.03.24,04:37:00,1.08001,1.08005,1.08,1.08004,61.1
2020.03.24,04:38:00,1.08005,1.08023,1.08003,1.08012,122.49
2020.03.24,04:39:00,1.08013,1.08014,1.08005,1.08008,174.67
2020.03.24,04:40:00,1.08008,1.08022,1.08005,1.08014,196.08
2020.03.24,04:41:00,1.08015,1.08026,1.08015,1.08023,80.23
2020.03.24,04:42:00,1.08022,1.08023,1.07998,1.08002,126.33
2020.03.24,04:43:00,1.08001,1.08007,1.07968,1.07992,229.88
2020.03.24,04:44:00,1.07991,1.08012,1.07987,1.08007,126.88
2020.03.24,04:45:00,1.08007,1.08011,1.0799,1.0799,142.7
2020.03.24,04:46:00,1.07988,1.08,1.0798,1.0799,130.51
2020.03.24,04:47:00,1.0799,1.0799,1.0797,1.07982,219.64
2020.03.24,04:48:00,1.07981,1.07989,1.07981,1.07985,104.16
2020.03.24,04:49:00,1.07983,1.07989,1.0798,1.07982,116.8
2020.03.24,04:50:00,1.07982,1.07982,1.0794,1.07942,46.85
2020.03.24,04:51:00,1.07943,1.07944,1.07921,1.07928,116.05
2020.03.24,04:52:00,1.07932,1.07955,1.07912,1.07919,94.74
2020.03.24,04:53:00,1.07918,1.07918,1.07888,1.07904,117.17
2020.03.24,04:54:00,1.07904,1.07904,1.07888,1.07899,70.51
2020.03.24,04:55:00,1.07897,1.07899,1.07884,1.07887,45.96
2020.03.24,04:56:00,1.07887,1.07918,1.07887,1.07908,98.4
2020.03.24,04:57:00,1.07913,1.07913,1.07873,1.07873,117.79
2020.03.24,04:58:00,1.07873,1.07883,1.07869,1.0788,103.47
2020.03.24,04:59:00,1.07881,1.07894,1.07876,1.07884,113.03
2020.03.24,05:00:00,1.07886,1.07899,1.07884,1.07899,133.68
2020.03.24,05:01:00,1.07894,1.07899,1.07884,1.07893,273.08
2020.03.24,05:02:00,1.07893,1.07921,1.0789,1.07921,126.57
2020.03.24,05:03:00,1.0792,1.07956,1.07919,1.07943,164.21
2020.03.24,05:04:00,1.07942,1.07954,1.07926,1.07952,121.16
2020.03.24,05:05:00,1.07951,1.07971,1.07948,1.07952,102.86
2020.03.24,05:06:00,1.07952,1.07968,1.0795,1.07956,85.73
2020.03.24,05:07:00,1.07957,1.07975,1.07954,1.07964,103.14
2020.03.24,05:08:00,1.07964,1.07979,1.07959,1.07978,76.98
2020.03.24,05:09:00,1.07979,1.07984,1.0797,1.07974,144.53
2020.03.24,05:10:00,1.0797,1.07974,1.07964,1.07967,64.39
2020.03.24,05:11:00,1.07964,1.07972,1.07962,1.07969,55.8
2020.03.24,05:12:00,1.07969,1.07969,1.07962,1.07967,50.14
2020.03.24,05:13:00,1.07967,1.07967,1.07955,1.07959,46.75
2020.03.24,05:14:00,1.07959,1.07962,1.07953,1.07962,61.01
2020.03.24,05:15:00,1.07961,1.07961,1.07951,1.07951,39.8
2020.03.24,05:16:00,1.0795,1.07953,1.07908,1.07909,93.59
2020.03.24,05:17:00,1.0791,1.07928,1.07909,1.07923,29.15
2020.03.24,05:18:00,1.07924,1.07939,1.07921,1.07924,44.72
2020.03.24,05:19:00,1.07925,1.07935,1.07906,1.07932,106.02
2020.03.24,05:20:00,1.07934,1.07947,1.07923,1.07942,41.57
2020.03.24,05:21:00,1.07942,1.07942,1.0793,1.07934,17.14
2020.03.24,05:22:00,1.07934,1.07935,1.07916,1.07922,58.69
2020.03.24,05:23:00,1.0792,1.07923,1.07916,1.07918,20.11
2020.03.24,05:24:00,1.07917,1.07918,1.07913,1.07916,24.6
2020.03.24,05:25:00,1.07915,1.07915,1.07909,1.0791,38.47
2020.03.24,05:26:00,1.07909,1.07919,1.07909,1.0791,19.74
2020.03.24,05:27:00,1.0791,1.0791,1.079,1.07903,8.11
2020.03.24,05:28:00,1.07901,1.07905,1.07883,1.07885,22.73
2020.03.24,05:29:00,1.07886,1.0789,1.07876,1.07886,51.17
2020.03.24,05:30:00,1.07885,1.07891,1.07876,1.07881,97.85
2020.03.24,05:31:00,1.0788,1.07891,1.07876,1.07877,41.21
2020.03.24,05:32:00,1.07878,1.07878,1.07791,1.07794,244.99
2020.03.24,05:33:00,1.07795,1.07843,1.07779,1.07794,137.43
2020.03.24,05:34:00,1.07794,1.0783,1.07757,1.07774,130.61
2020.03.24,05:35:00,1.07774,1.07812,1.07761,1.07786,162.41
2020.03.24,05:36:00,1.07787,1.07823,1.07777,1.07814,137.81
2020.03.24,05:37:00,1.07814,1.07814,1.07764,1.07772,165.68
2020.03.24,05:38:00,1.07773,1.07795,1.07771,1.07788,136.07
2020.03.24,05:39:00,1.0779,1.07811,1.0779,1.07804,128.66
2020.03.24,05:40:00,1.07805,1.07805,1.07765,1.07773,150.51
2020.03.24,05:41:00,1.07773,1.07794,1.07771,1.0779,68.09
2020.03.24,05:42:00,1.07791,1.07793,1.07771,1.07779,124.57
2020.03.24,05:43:00,1.07779,1.07796,1.07779,1.07791,172.45
2020.03.24,05:44:00,1.07791,1.07807,1.07789,1.07795,152.82
2020.03.24,05:45:00,1.07794,1.07799,1.07777,1.07792,183.71
2020.03.24,05:46:00,1.07793,1.07818,1.07793,1.07812,120.91
2020.03.24,05:47:00,1.07812,1.07817,1.07799,1.07801,172.8
2020.03.24,05:48:00,1.07802,1.07802,1.07795,1.07796,56.97
2020.03.24,05:49:00,1.07795,1.07803,1.07767,1.07767,116.24
2020.03.24,05:50:00,1.07767,1.07798,1.07763,1.07786,39.99
2020.03.24,05:51:00,1.07786,1.07816,1.07785,1.07806,44.83
2020.03.24,05:52:00,1.07806,1.07808,1.07778,1.078,112.44
2020.03.24,05:53:00,1.07801,1.07801,1.0777,1.07775,80.73
2020.03.24,05:54:00,1.07777,1.07781,1.07773,1.07774,82.9
2020.03.24,05:55:00,1.07773,1.07784,1.07759,1.07764,81.28
2020.03.24,05:56:00,1.07763,1.07775,1.07763,1.07774,56.11
2020.03.24,05:57:00,1.07773,1.07775,1.07757,1.07763,126.75
2020.03.24,05:58:00,1.07764,1.07815,1.07759,1.07813,177.26
2020.03.24,05:59:00,1.07813,1.07813,1.07785,1.07787,201.11
2020.03.24,06:00:00,1.07786,1.07821,1.07778,1.07803,183.86
2020.03.24,06:01:00,1.07799,1.07806,1.07776,1.07785,293.04
2020.03.24,06:02:00,1.07785,1.0788,1.07785,1.07872,282.07
2020.03.24,06:03:00,1.07875,1.07886,1.07864,1.07874,141.74
2020.03.24,06:04:00,1.07873,1.07873,1.07827,1.07833,369.06
2020.03.24,06:05:00,1.07835,1.07846,1.0781,1.07819,347.03
2020.03.24,06:06:00,1.07819,1.07831,1.07794,1.07807,277.23
2020.03.24,06:07:00,1.07807,1.07835,1.07776,1.07801,381.14
2020.03.24,06:08:00,1.07799,1.07833,1.0778,1.07821,170.78
2020.03.24,06:09:00,1.0782,1.07835,1.07791,1.07808,132.97
2020.03.24,06:10:00,1.07805,1.07809,1.07787,1.07804,123
2020.03.24,06:11:00,1.07804,1.07835,1.07804,1.07835,141.77
2020.03.24,06:12:00,1.07837,1.07837,1.07807,1.07814,127.21
2020.03.24,06:13:00,1.07815,1.07819,1.07773,1.07792,246.77
2020.03.24,06:14:00,1.07792,1.07819,1.07783,1.07805,117.74
2020.03.24,06:15:00,1.07806,1.07847,1.07788,1.07811,278.3
2020.03.24,06:16:00,1.07809,1.07875,1.07809,1.07812,435.15
2020.03.24,06:17:00,1.07812,1.07833,1.07798,1.0781,337.98
2020.03.24,06:18:00,1.07809,1.07817,1.07798,1.07808,175.53
2020.03.24,06:19:00,1.07803,1.0784,1.07801,1.0784,183.91
2020.03.24,06:20:00,1.0784,1.0786,1.07805,1.07812,213.39
2020.03.24,06:21:00,1.07812,1.07846,1.0781,1.07833,197.78
2020.03.24,06:22:00,1.07829,1.07846,1.07808,1.07815,258.28
2020.03.24,06:23:00,1.07814,1.07908,1.07811,1.07897,183.66
2020.03.24,06:24:00,1.07898,1.07905,1.07878,1.07901,301.67
2020.03.24,06:25:00,1.07902,1.07922,1.0789,1.07921,267.89
2020.03.24,06:26:00,1.0792,1.07933,1.07885,1.07914,245.5
2020.03.24,06:27:00,1.07914,1.07942,1.07887,1.07933,243.24
2020.03.24,06:28:00,1.0793,1.07954,1.07923,1.07952,244.59
2020.03.24,06:29:00,1.0795,1.07961,1.07909,1.07947,322.74
2020.03.24,06:30:00,1.07948,1.07993,1.07947,1.07976,289.09
2020.03.24,06:31:00,1.07975,1.08004,1.07941,1.07964,339.26
2020.03.24,06:32:00,1.07967,1.08002,1.07962,1.0799,436.54
2020.03.24,06:33:00,1.07994,1.08002,1.07942,1.07988,328.6
2020.03.24,06:34:00,1.07988,1.08037,1.0798,1.08013,313.7
2020.03.24,06:35:00,1.08012,1.08078,1.0801,1.08056,358.43
2020.03.24,06:36:00,1.08056,1.08089,1.08048,1.08078,223.8
2020.03.24,06:37:00,1.08078,1.08078,1.07987,1.08019,388.68
2020.03.24,06:38:00,1.0802,1.08046,1.08005,1.08005,149.53
2020.03.24,06:39:00,1.08005,1.08099,1.08003,1.08099,320.82
2020.03.24,06:40:00,1.08099,1.0813,1.08071,1.08085,299.14
2020.03.24,06:41:00,1.08085,1.08126,1.08052,1.0812,515.13
2020.03.24,06:42:00,1.0812,1.08133,1.08094,1.08121,277.64
2020.03.24,06:43:00,1.08124,1.08126,1.0809,1.08109,151.07
2020.03.24,06:44:00,1.08108,1.08131,1.08098,1.08127,138.68
2020.03.24,06:45:00,1.08125,1.08187,1.08125,1.08185,227.91
2020.03.24,06:46:00,1.08186,1.08228,1.08178,1.08221,198.81
2020.03.24,06:47:00,1.08229,1.08264,1.08207,1.08228,168.09
2020.03.24,06:48:00,1.08226,1.08459,1.08224,1.08444,300.53
2020.03.24,06:49:00,1.08444,1.08579,1.08439,1.08579,384.32
2020.03.24,06:50:00,1.08576,1.0865,1.08559,1.08649,184.15
2020.03.24,06:51:00,1.08652,1.0866,1.08513,1.08518,335.36
2020.03.24,06:52:00,1.08519,1.08524,1.08429,1.08447,290.71
2020.03.24,06:53:00,1.08447,1.08476,1.08408,1.08432,334.23
2020.03.24,06:54:00,1.08433,1.08542,1.08429,1.08541,204.2
2020.03.24,06:55:00,1.08546,1.08574,1.08543,1.08546,184.98
2020.03.24,06:56:00,1.08549,1.08551,1.08448,1.08448,143.64
2020.03.24,06:57:00,1.08449,1.08489,1.08442,1.08458,144.42
2020.03.24,06:58:00,1.08456,1.08457,1.08342,1.08342,246.93
2020.03.24,06:59:00,1.08341,1.08372,1.0831,1.08342,203.61
2020.03.24,07:00:00,1.08343,1.08375,1.08311,1.08316,431.36
2020.03.24,07:01:00,1.08317,1.08317,1.08258,1.08297,395.74
2020.03.24,07:02:00,1.08297,1.08304,1.08274,1.08287,421.97
2020.03.24,07:03:00,1.08286,1.08323,1.0827,1.08299,433.97
2020.03.24,07:04:00,1.08301,1.08356,1.08301,1.08333,310
2020.03.24,07:05:00,1.08332,1.08379,1.08302,1.08369,560.81
2020.03.24,07:06:00,1.08368,1.08374,1.08335,1.08355,465.09
2020.03.24,07:07:00,1.08352,1.08353,1.083,1.08308,359.66
2020.03.24,07:08:00,1.08308,1.08318,1.08256,1.08283,391.32
2020.03.24,07:09:00,1.08283,1.08338,1.08275,1.08283,396.73
2020.03.24,07:10:00,1.08282,1.08293,1.08229,1.08272,262.33
2020.03.24,07:11:00,1.0827,1.08277,1.08239,1.08253,217.5
2020.03.24,07:12:00,1.08257,1.08274,1.08233,1.08255,435.39
2020.03.24,07:13:00,1.08257,1.08273,1.08226,1.08232,422.12
2020.03.24,07:14:00,1.08232,1.08251,1.08212,1.08213,426.8
2020.03.24,07:15:00,1.08213,1.08238,1.08213,1.08227,439.44
2020.03.24,07:16:00,1.08225,1.08262,1.0822,1.08232,556.7
2020.03.24,07:17:00,1.08232,1.083,1.08222,1.08291,261.78
2020.03.24,07:18:00,1.0829,1.08328,1.08289,1.08301,362.76
2020.03.24,07:19:00,1.08299,1.0832,1.08299,1.08317,239.2
2020.03.24,07:20:00,1.08318,1.08339,1.08296,1.083,176.45
2020.03.24,07:21:00,1.08298,1.08323,1.08289,1.08292,297.93
2020.03.24,07:22:00,1.08291,1.08328,1.08287,1.0829,157.52
2020.03.24,07:23:00,1.0829,1.08344,1.0829,1.08332,270.07
2020.03.24,07:24:00,1.08333,1.08381,1.0833,1.08367,221.59
2020.03.24,07:25:00,1.08367,1.08446,1.0835,1.08446,425.44
2020.03.24,07:26:00,1.08446,1.08468,1.0843,1.08448,222.7
2020.03.24,07:27:00,1.08449,1.08453,1.08407,1.08417,238.65
2020.03.24,07:28:00,1.08416,1.08465,1.08398,1.08412,186.47
2020.03.24,07:29:00,1.08412,1.08449,1.08412,1.08449,163.35
2020.03.24,07:30:00,1.08449,1.08449,1.08392,1.0844,269.3
2020.03.24,07:31:00,1.08438,1.08441,1.08404,1.08426,285.07
2020.03.24,07:32:00,1.08425,1.08428,1.0836,1.08373,208.69
2020.03.24,07:33:00,1.08377,1.08381,1.08325,1.08351,250.55
2020.03.24,07:34:00,1.08348,1.08348,1.08291,1.08305,286.37
2020.03.24,07:35:00,1.08305,1.08306,1.08263,1.08273,292.14
2020.03.24,07:36:00,1.08274,1.0829,1.08265,1.08282,346.54
2020.03.24,07:37:00,1.08283,1.08289,1.08267,1.08269,206.43
2020.03.24,07:38:00,1.08268,1.08277,1.08258,1.08275,96.36
2020.03.24,07:39:00,1.08275,1.08318,1.08273,1.08308,244.27
2020.03.24,07:40:00,1.08308,1.08324,1.0827,1.0827,360.56
2020.03.24,07:41:00,1.08269,1.0829,1.08262,1.08285,249.55
2020.03.24,07:42:00,1.08287,1.08322,1.08286,1.08294,205.25
2020.03.24,07:43:00,1.08296,1.08353,1.08296,1.08338,268.18
2020.03.24,07:44:00,1.08339,1.08356,1.08306,1.08308,233.49
2020.03.24,07:45:00,1.08309,1.08337,1.08302,1.0833,253.96
2020.03.24,07:46:00,1.08331,1.08371,1.08322,1.08366,197.65
2020.03.24,07:47:00,1.08366,1.0837,1.08325,1.0833,270.57
2020.03.24,07:48:00,1.08329,1.08394,1.08329,1.08365,354.39
2020.03.24,07:49:00,1.08365,1.08404,1.08365,1.08393,414.43
2020.03.24,07:50:00,1.08393,1.08432,1.08385,1.08408,446.42
2020.03.24,07:51:00,1.0841,1.08414,1.08302,1.08307,499.31
2020.03.24,07:52:00,1.08309,1.08314,1.08281,1.08298,200.69
2020.03.24,07:53:00,1.08295,1.08373,1.08287,1.08302,285.25
2020.03.24,07:54:00,1.08301,1.08327,1.08299,1.08325,219.81
2020.03.24,07:55:00,1.08326,1.08356,1.08295,1.0834,212.56
2020.03.24,07:56:00,1.0834,1.08356,1.08285,1.08285,163.17
2020.03.24,07:57:00,1.08284,1.08351,1.08284,1.08342,221
2020.03.24,07:58:00,1.08341,1.08358,1.08315,1.08349,150.19
2020.03.24,07:59:00,1.08347,1.08347,1.08295,1.08301,127.73
2020.03.24,08:00:00,1.08302,1.08316,1.08272,1.08272,288.49
2020.03.24,08:01:00,1.08272,1.08273,1.08224,1.08273,251.94
2020.03.24,08:02:00,1.08277,1.08308,1.08262,1.08295,432.43
2020.03.24,08:03:00,1.08295,1.0833,1.08294,1.0833,476.72
2020.03.24,08:04:00,1.0833,1.08361,1.0832,1.08344,355.64
2020.03.24,08:05:00,1.08345,1.08369,1.08344,1.08366,287.9
2020.03.24,08:06:00,1.08365,1.08406,1.08362,1.08401,331.9
2020.03.24,08:07:00,1.08401,1.08408,1.08378,1.084,269.17
2020.03.24,08:08:00,1.08406,1.08421,1.0838,1.08394,318.27
2020.03.24,08:09:00,1.08393,1.08393,1.08362,1.08376,178.83
2020.03.24,08:10:00,1.08375,1.08401,1.08359,1.08381,201.13
2020.03.24,08:11:00,1.08383,1.08384,1.08309,1.08332,224.67
2020.03.24,08:12:00,1.08333,1.08397,1.0833,1.08364,207.38
2020.03.24,08:13:00,1.08364,1.08384,1.08297,1.08329,568.41
2020.03.24,08:14:00,1.08329,1.08373,1.08314,1.08314,565.68
2020.03.24,08:15:00,1.0832,1.08362,1.08304,1.08316,467.72
2020.03.24,08:16:00,1.08316,1.08336,1.08277,1.08325,200.05
2020.03.24,08:17:00,1.08324,1.08409,1.08319,1.0837,364.84
2020.03.24,08:18:00,1.08377,1.08456,1.08377,1.0844,673.44
2020.03.24,08:19:00,1.08439,1.08482,1.08352,1.08371,1042.99
2020.03.24,08:20:00,1.08372,1.08383,1.08331,1.08382,263.65
2020.03.24,08:21:00,1.08384,1.08435,1.08381,1.08394,329.57
2020.03.24,08:22:00,1.08392,1.08427,1.08379,1.08403,164.58
2020.03.24,08:23:00,1.084,1.08447,1.08395,1.08435,267.35
2020.03.24,08:24:00,1.08433,1.08433,1.08377,1.0839,179.45
2020.03.24,08:25:00,1.08389,1.08392,1.08291,1.08298,726.56
2020.03.24,08:26:00,1.08298,1.08329,1.08285,1.08294,197.74
2020.03.24,08:27:00,1.08291,1.08295,1.08242,1.08281,449.97
2020.03.24,08:28:00,1.08281,1.08292,1.08201,1.08255,427.75
2020.03.24,08:29:00,1.08255,1.08271,1.08229,1.08256,459.79
2020.03.24,08:30:00,1.08261,1.08331,1.08259,1.08261,457.15
2020.03.24,08:31:00,1.08256,1.08324,1.08232,1.08324,263.88
2020.03.24,08:32:00,1.08326,1.08347,1.08304,1.08332,182.16
2020.03.24,08:33:00,1.08331,1.08382,1.08312,1.0837,419.83
2020.03.24,08:34:00,1.0837,1.08399,1.08352,1.08397,295.65
2020.03.24,08:35:00,1.08398,1.08427,1.08361,1.08361,546.39
2020.03.24,08:36:00,1.08357,1.08399,1.08297,1.08317,527.79
2020.03.24,08:37:00,1.08317,1.08347,1.08303,1.08344,315.73
2020.03.24,08:38:00,1.08344,1.08379,1.08304,1.08342,235.12
2020.03.24,08:39:00,1.08341,1.08391,1.08336,1.08367,460.2
2020.03.24,08:40:00,1.08367,1.08398,1.08362,1.08398,249.63
2020.03.24,08:41:00,1.08398,1.08402,1.08343,1.08356,287.95
2020.03.24,08:42:00,1.08355,1.08395,1.08355,1.08359,302.38
2020.03.24,08:43:00,1.08358,1.08361,1.08319,1.08325,317.14
2020.03.24,08:44:00,1.08325,1.08325,1.08241,1.08248,277.85
2020.03.24,08:45:00,1.08248,1.0825,1.08123,1.08132,444.85
2020.03.24,08:46:00,1.08132,1.0818,1.08132,1.08164,282.8
2020.03.24,08:47:00,1.08163,1.08204,1.08153,1.08183,253.34
2020.03.24,08:48:00,1.08183,1.08199,1.08147,1.08147,232.74
2020.03.24,08:49:00,1.08148,1.08162,1.08117,1.08143,182.61
2020.03.24,08:50:00,1.08141,1.08142,1.08121,1.08133,261.59
2020.03.24,08:51:00,1.08131,1.08131,1.08099,1.08104,650.79
2020.03.24,08:52:00,1.08106,1.08109,1.08098,1.081,158.27
2020.03.24,08:53:00,1.08098,1.0811,1.08095,1.08098,57.71
2020.03.24,08:54:00,1.08097,1.08126,1.08079,1.0812,261.96
2020.03.24,08:55:00,1.0812,1.08232,1.08118,1.08232,193.62
2020.03.24,08:56:00,1.0823,1.08261,1.0821,1.08211,223.69
2020.03.24,08:57:00,1.08212,1.08248,1.08195,1.08212,303.93
2020.03.24,08:58:00,1.08212,1.08244,1.082,1.08238,158.26
2020.03.24,08:59:00,1.08238,1.0825,1.0818,1.08249,334.12
2020.03.24,09:00:00,1.08249,1.08288,1.08249,1.08261,314.14
2020.03.24,09:01:00,1.0826,1.08279,1.0824,1.08266,273.88
2020.03.24,09:02:00,1.08265,1.08309,1.08264,1.08276,211.36
2020.03.24,09:03:00,1.08274,1.08274,1.08166,1.08185,345.73
2020.03.24,09:04:00,1.08187,1.08231,1.08139,1.08218,309.97
2020.03.24,09:05:00,1.08218,1.08248,1.0821,1.08246,139.11
2020.03.24,09:06:00,1.08246,1.08246,1.08192,1.08197,209.77
2020.03.24,09:07:00,1.08197,1.08237,1.08194,1.08234,197.33
2020.03.24,09:08:00,1.08234,1.08237,1.08201,1.08224,104.95
2020.03.24,09:09:00,1.08222,1.08277,1.08203,1.08235,468.32
2020.03.24,09:10:00,1.08236,1.0829,1.08236,1.08258,147.22
2020.03.24,09:11:00,1.08258,1.08273,1.08216,1.08227,188.33
2020.03.24,09:12:00,1.08227,1.08268,1.08226,1.08249,148.22
2020.03.24,09:13:00,1.08249,1.08268,1.08212,1.08212,177.49
2020.03.24,09:14:00,1.08218,1.08245,1.08213,1.08234,28.69
2020.03.24,09:15:00,1.08234,1.08252,1.08209,1.08217,179.34
2020.03.24,09:16:00,1.08216,1.08217,1.0818,1.08184,160.54
2020.03.24,09:17:00,1.08185,1.08229,1.08177,1.08182,293.7
2020.03.24,09:18:00,1.0818,1.08207,1.0818,1.08185,229.83
2020.03.24,09:19:00,1.08186,1.08207,1.08166,1.0817,232.02
2020.03.24,09:20:00,1.0817,1.08209,1.0817,1.08196,144.68
2020.03.24,09:21:00,1.08196,1.08246,1.08195,1.08245,221.9
2020.03.24,09:22:00,1.08243,1.08288,1.08243,1.0825,301.31
2020.03.24,09:23:00,1.0825,1.08254,1.08225,1.08239,229.32
2020.03.24,09:24:00,1.08238,1.08266,1.08215,1.08233,185.12
2020.03.24,09:25:00,1.08233,1.08278,1.08233,1.08272,181.34
2020.03.24,09:26:00,1.08272,1.08311,1.08272,1.0831,231.82
2020.03.24,09:27:00,1.08312,1.0834,1.08268,1.08269,300.42
2020.03.24,09:28:00,1.08269,1.0831,1.08254,1.08275,216.77
2020.03.24,09:29:00,1.08273,1.08287,1.08259,1.08266,215.01
2020.03.24,09:30:00,1.08265,1.08321,1.08254,1.08318,269.2
2020.03.24,09:31:00,1.08318,1.08318,1.08261,1.08283,417.87
2020.03.24,09:32:00,1.08281,1.08302,1.08235,1.08288,471.24
2020.03.24,09:33:00,1.08288,1.0832,1.08287,1.0832,304.27
2020.03.24,09:34:00,1.08319,1.08322,1.08281,1.08294,319.42
2020.03.24,09:35:00,1.08294,1.08304,1.08233,1.08243,352.15
2020.03.24,09:36:00,1.0824,1.08269,1.08182,1.08267,416.71
2020.03.24,09:37:00,1.08266,1.08313,1.08265,1.08296,414.6
2020.03.24,09:38:00,1.08298,1.0832,1.08289,1.08314,130.7
2020.03.24,09:39:00,1.08316,1.08326,1.08309,1.0831,124.1
2020.03.24,09:40:00,1.08312,1.08321,1.08278,1.08302,212.87
2020.03.24,09:41:00,1.08304,1.0831,1.08268,1.0828,213.35
2020.03.24,09:42:00,1.08278,1.08312,1.08271,1.0831,132.2
2020.03.24,09:43:00,1.0831,1.08319,1.08279,1.08291,103.41
2020.03.24,09:44:00,1.08292,1.08337,1.08292,1.08337,128.7
2020.03.24,09:45:00,1.08337,1.0839,1.08334,1.08381,145.19
2020.03.24,09:46:00,1.08381,1.08407,1.0836,1.0838,175.2
2020.03.24,09:47:00,1.08381,1.08479,1.08381,1.08469,223.75
2020.03.24,09:48:00,1.0847,1.08517,1.08469,1.08516,345.87
2020.03.24,09:49:00,1.0852,1.08525,1.08477,1.08484,189.72
2020.03.24,09:50:00,1.08484,1.08521,1.08482,1.0849,176.28
2020.03.24,09:51:00,1.08488,1.08505,1.08463,1.08469,225.24
2020.03.24,09:52:00,1.08469,1.08483,1.08445,1.08445,112.86
2020.03.24,09:53:00,1.08445,1.08466,1.08443,1.08461,77.01
2020.03.24,09:54:00,1.08463,1.08484,1.08443,1.08479,205.16
2020.03.24,09:55:00,1.08479,1.08525,1.08476,1.08523,178.28
2020.03.24,09:56:00,1.08523,1.08547,1.08504,1.08545,193.61
2020.03.24,09:57:00,1.08545,1.0858,1.08527,1.08545,469.72
2020.03.24,09:58:00,1.08549,1.08565,1.08523,1.08523,287.45
2020.03.24,09:59:00,1.08522,1.08562,1.08498,1.08537,508.64
2020.03.24,10:00:00,1.08538,1.0855,1.08489,1.08492,310.67
2020.03.24,10:01:00,1.08492,1.0857,1.08492,1.0856,71.89
2020.03.24,10:02:00,1.08557,1.08589,1.08549,1.08589,110.19
2020.03.24,10:03:00,1.0859,1.08627,1.08586,1.08621,271.36
2020.03.24,10:04:00,1.08622,1.08649,1.08621,1.08621,148.86
2020.03.24,10:05:00,1.0862,1.08655,1.0862,1.08635,118.94
2020.03.24,10:06:00,1.08634,1.08634,1.08553,1.08571,367.47
2020.03.24,10:07:00,1.0857,1.08579,1.08511,1.08545,315.88
2020.03.24,10:08:00,1.08543,1.08573,1.08524,1.08524,313.77
2020.03.24,10:09:00,1.08525,1.08579,1.08525,1.08579,303.52
2020.03.24,10:10:00,1.08579,1.08689,1.08579,1.08689,291.06
2020.03.24,10:11:00,1.08691,1.08716,1.08687,1.08709,318.59
2020.03.24,10:12:00,1.08709,1.08731,1.08708,1.0873,183.66
2020.03.24,10:13:00,1.08729,1.08785,1.0872,1.08748,624.6
2020.03.24,10:14:00,1.08747,1.08755,1.08699,1.08707,234.81
2020.03.24,10:15:00,1.08706,1.08708,1.0867,1.08671,210.1
2020.03.24,10:16:00,1.0867,1.08704,1.08666,1.08679,137.84
2020.03.24,10:17:00,1.08681,1.08696,1.08671,1.08671,107.65
2020.03.24,10:18:00,1.0867,1.08676,1.08649,1.08668,209.77
2020.03.24,10:19:00,1.08667,1.08669,1.0865,1.0866,164.5
2020.03.24,10:20:00,1.0866,1.08662,1.0863,1.08633,220.34
2020.03.24,10:21:00,1.08633,1.08643,1.08621,1.08632,126.53
2020.03.24,10:22:00,1.08631,1.08701,1.08631,1.08691,162.59
2020.03.24,10:23:00,1.08691,1.08738,1.08689,1.08717,180.05
2020.03.24,10:24:00,1.08717,1.08717,1.08615,1.08665,354.45
2020.03.24,10:25:00,1.08666,1.08701,1.08664,1.08671,198.46
2020.03.24,10:26:00,1.08671,1.08671,1.08628,1.08651,159.93
2020.03.24,10:27:00,1.08652,1.08676,1.08648,1.0867,173.43
2020.03.24,10:28:00,1.08674,1.08688,1.08671,1.08685,142.58
2020.03.24,10:29:00,1.08685,1.08691,1.0865,1.08657,141.88
2020.03.24,10:30:00,1.08657,1.08663,1.08595,1.08595,195.48
2020.03.24,10:31:00,1.08595,1.08604,1.08577,1.08603,200.27
2020.03.24,10:32:00,1.08603,1.08605,1.08566,1.08567,173.8
2020.03.24,10:33:00,1.08567,1.08589,1.08516,1.08528,219.28
2020.03.24,10:34:00,1.08528,1.08558,1.08509,1.08558,202.56
2020.03.24,10:35:00,1.08559,1.08621,1.08558,1.0858,183.27
2020.03.24,10:36:00,1.0858,1.0861,1.08579,1.086,203.94
2020.03.24,10:37:00,1.08599,1.08673,1.08579,1.08671,222.95
2020.03.24,10:38:00,1.08671,1.08671,1.08624,1.08629,289.48
2020.03.24,10:39:00,1.08628,1.08636,1.08589,1.08636,247.21
2020.03.24,10:40:00,1.08638,1.08644,1.08589,1.08603,195.68
2020.03.24,10:41:00,1.08603,1.08615,1.0858,1.08584,106.19
2020.03.24,10:42:00,1.08583,1.086,1.08502,1.08509,280.93
2020.03.24,10:43:00,1.08509,1.08577,1.08506,1.08557,268.18
2020.03.24,10:44:00,1.08558,1.08569,1.08521,1.08524,204.88
2020.03.24,10:45:00,1.08525,1.08582,1.08513,1.08582,292.13
2020.03.24,10:46:00,1.08584,1.08618,1.08572,1.08592,283.6
2020.03.24,10:47:00,1.08592,1.08631,1.08577,1.08577,241.4
2020.03.24,10:48:00,1.08577,1.08584,1.08528,1.0853,228.83
2020.03.24,10:49:00,1.08534,1.08548,1.08527,1.08541,205.96
2020.03.24,10:50:00,1.08541,1.08554,1.08507,1.0855,188.85
2020.03.24,10:51:00,1.0855,1.08603,1.08537,1.08576,305.88
2020.03.24,10:52:00,1.08576,1.08633,1.08571,1.08633,152.16
2020.03.24,10:53:00,1.08633,1.08666,1.08621,1.08655,255.37
2020.03.24,10:54:00,1.08655,1.08747,1.08647,1.08735,239.53
2020.03.24,10:55:00,1.08734,1.08752,1.08705,1.08739,237.24
2020.03.24,10:56:00,1.08742,1.08776,1.08742,1.08772,172.8
2020.03.24,10:57:00,1.0877,1.08825,1.08763,1.08816,248.6
2020.03.24,10:58:00,1.08817,1.08834,1.08768,1.08831,279.79
2020.03.24,10:59:00,1.08831,1.08845,1.08799,1.08814,292.16
2020.03.24,11:00:00,1.08814,1.08824,1.0877,1.08794,395.7
2020.03.24,11:01:00,1.08794,1.08869,1.08794,1.08845,139.86
2020.03.24,11:02:00,1.08846,1.08846,1.08795,1.088,169.55
2020.03.24,11:03:00,1.08799,1.08863,1.08797,1.0886,285.78
2020.03.24,11:04:00,1.08859,1.08865,1.08822,1.08865,252.84
2020.03.24,11:05:00,1.08864,1.08878,1.08846,1.0886,267.64
2020.03.24,11:06:00,1.08861,1.08879,1.08822,1.08857,272.21
2020.03.24,11:07:00,1.08857,1.08864,1.08839,1.08864,315.76
2020.03.24,11:08:00,1.08862,1.08862,1.08787,1.0879,234.45
2020.03.24,11:09:00,1.08788,1.08798,1.08774,1.08787,174.79
2020.03.24,11:10:00,1.08787,1.08791,1.08747,1.08756,209.9
2020.03.24,11:11:00,1.08757,1.08793,1.08738,1.08772,310.44
2020.03.24,11:12:00,1.08773,1.08788,1.08736,1.08739,140.24
2020.03.24,11:13:00,1.08739,1.08753,1.08723,1.08728,219.45
2020.03.24,11:14:00,1.08728,1.08736,1.0872,1.08729,141.64
2020.03.24,11:15:00,1.0873,1.0873,1.08685,1.08685,265.55
2020.03.24,11:16:00,1.08685,1.08685,1.08641,1.08663,165.18
2020.03.24,11:17:00,1.08664,1.08666,1.08613,1.08629,190.83
2020.03.24,11:18:00,1.08633,1.08727,1.08633,1.08711,211.61
2020.03.24,11:19:00,1.08711,1.08731,1.08687,1.08719,288.11
2020.03.24,11:20:00,1.0872,1.08733,1.08642,1.08659,306.53
2020.03.24,11:21:00,1.0866,1.08673,1.08577,1.08581,373.87
2020.03.24,11:22:00,1.08587,1.08603,1.08549,1.08583,543.9
2020.03.24,11:23:00,1.08586,1.08633,1.08562,1.08629,241.63
2020.03.24,11:24:00,1.08627,1.08637,1.08542,1.0857,452.91
2020.03.24,11:25:00,1.08569,1.08576,1.08531,1.08533,336.04
2020.03.24,11:26:00,1.08534,1.08556,1.08526,1.08545,141.48
2020.03.24,11:27:00,1.08547,1.08598,1.08539,1.08574,221.11
2020.03.24,11:28:00,1.08574,1.0858,1.08544,1.08546,186.58
2020.03.24,11:29:00,1.08547,1.08607,1.08527,1.08605,257.05
2020.03.24,11:30:00,1.08604,1.0863,1.08601,1.08627,262.33
2020.03.24,11:31:00,1.08629,1.08633,1.086,1.08621,251.02
2020.03.24,11:32:00,1.08622,1.08662,1.08604,1.08648,145.62
2020.03.24,11:33:00,1.08648,1.0867,1.08641,1.0866,316.52
2020.03.24,11:34:00,1.08659,1.08706,1.08658,1.08686,228.99
2020.03.24,11:35:00,1.08685,1.08685,1.08618,1.08649,347.73
2020.03.24,11:36:00,1.08647,1.08678,1.08626,1.08676,246.38
2020.03.24,11:37:00,1.08676,1.08698,1.08667,1.08687,239.81
2020.03.24,11:38:00,1.08688,1.08697,1.08639,1.08653,200.62
2020.03.24,11:39:00,1.08655,1.08664,1.08592,1.08597,199.43
2020.03.24,11:40:00,1.086,1.08616,1.08568,1.08578,116.81
2020.03.24,11:41:00,1.08579,1.08596,1.08564,1.08585,115.69
2020.03.24,11:42:00,1.08584,1.08597,1.08556,1.08577,172.46
2020.03.24,11:43:00,1.08578,1.08596,1.08528,1.08529,207.58
2020.03.24,11:44:00,1.08528,1.0853,1.08491,1.08512,379.15
2020.03.24,11:45:00,1.08513,1.0857,1.08513,1.08568,197.99
2020.03.24,11:46:00,1.08567,1.08585,1.08557,1.0857,194.16
2020.03.24,11:47:00,1.08571,1.08587,1.08563,1.08587,215.83
2020.03.24,11:48:00,1.0859,1.08636,1.08581,1.08607,194.05
2020.03.24,11:49:00,1.08607,1.08627,1.08574,1.08605,330.86
2020.03.24,11:50:00,1.08606,1.08612,1.08581,1.0861,307.94
2020.03.24,11:51:00,1.08609,1.08652,1.0858,1.08636,301.11
2020.03.24,11:52:00,1.08634,1.08634,1.08597,1.08611,199.28
2020.03.24,11:53:00,1.0861,1.08615,1.0858,1.08604,201.96
2020.03.24,11:54:00,1.08603,1.08699,1.08593,1.08685,219.1
2020.03.24,11:55:00,1.08686,1.08748,1.08679,1.08721,329.87
2020.03.24,11:56:00,1.08722,1.08748,1.08699,1.08708,395.97
2020.03.24,11:57:00,1.0871,1.08757,1.08708,1.08745,264
2020.03.24,11:58:00,1.08746,1.08747,1.08659,1.08676,327.54
2020.03.24,11:59:00,1.08678,1.08686,1.08636,1.0865,248.37
2020.03.24,12:00:00,1.08649,1.08683,1.08602,1.08605,761.49
2020.03.24,12:01:00,1.08604,1.0862,1.08575,1.0859,771.24
2020.03.24,12:02:00,1.08587,1.08652,1.08581,1.08652,814.63
2020.03.24,12:03:00,1.08652,1.08652,1.08587,1.08591,1029.02
2020.03.24,12:04:00,1.08593,1.086,1.08547,1.08562,936.61
2020.03.24,12:05:00,1.08561,1.08592,1.0854,1.08546,662.57
2020.03.24,12:06:00,1.08544,1.08564,1.08521,1.08533,535.41
2020.03.24,12:07:00,1.08533,1.08535,1.08419,1.08435,568.19
2020.03.24,12:08:00,1.08437,1.08439,1.08351,1.08375,727.55
2020.03.24,12:09:00,1.08377,1.08413,1.08366,1.08399,394.6
2020.03.24,12:10:00,1.084,1.08444,1.08366,1.08441,417.35
2020.03.24,12:11:00,1.08441,1.08456,1.08363,1.08372,606.97
2020.03.24,12:12:00,1.08372,1.08387,1.08292,1.08303,689.27
2020.03.24,12:13:00,1.08301,1.08333,1.0829,1.08316,454.68
2020.03.24,12:14:00,1.08317,1.08337,1.08301,1.08314,334.2
2020.03.24,12:15:00,1.08314,1.0833,1.0828,1.08287,483.79
2020.03.24,12:16:00,1.08285,1.08299,1.08277,1.08277,264.56
2020.03.24,12:17:00,1.08278,1.08306,1.08278,1.08281,429.67
2020.03.24,12:18:00,1.08281,1.08281,1.08193,1.08197,651.86
2020.03.24,12:19:00,1.08198,1.08273,1.08187,1.08273,596.96
2020.03.24,12:20:00,1.08274,1.0828,1.08185,1.08187,357.38
2020.03.24,12:21:00,1.08182,1.08203,1.08163,1.08203,289.44
2020.03.24,12:22:00,1.08204,1.08209,1.08137,1.08144,564.88
2020.03.24,12:23:00,1.08142,1.08232,1.08141,1.08193,841.74
2020.03.24,12:24:00,1.08193,1.08228,1.08147,1.08191,843.61
2020.03.24,12:25:00,1.08186,1.08224,1.08182,1.08199,735.36
2020.03.24,12:26:00,1.08199,1.08225,1.08194,1.08211,702.74
2020.03.24,12:27:00,1.08211,1.08211,1.08146,1.08198,654.29
2020.03.24,12:28:00,1.08198,1.08208,1.08172,1.08189,947.23
2020.03.24,12:29:00,1.08189,1.08258,1.08188,1.08246,648
2020.03.24,12:30:00,1.08244,1.08286,1.08228,1.08243,961.2
2020.03.24,12:31:00,1.08244,1.08325,1.08237,1.08322,793.71
2020.03.24,12:32:00,1.08323,1.08323,1.08272,1.08285,835.69
2020.03.24,12:33:00,1.08285,1.08298,1.08235,1.08255,653.66
2020.03.24,12:34:00,1.08256,1.08256,1.0817,1.08174,759.99
2020.03.24,12:35:00,1.08172,1.08204,1.08145,1.08195,772.87
2020.03.24,12:36:00,1.08194,1.08203,1.08165,1.08183,728.24
2020.03.24,12:37:00,1.08177,1.08221,1.08169,1.08199,551.66
2020.03.24,12:38:00,1.08198,1.08298,1.08188,1.08286,453.14
2020.03.24,12:39:00,1.08285,1.08347,1.08274,1.08314,797.7
2020.03.24,12:40:00,1.08314,1.08351,1.08301,1.0835,565.88
2020.03.24,12:41:00,1.08348,1.08348,1.08238,1.08254,1120.02
2020.03.24,12:42:00,1.08257,1.08296,1.08257,1.08278,844.55
2020.03.24,12:43:00,1.08279,1.08303,1.08268,1.08296,436.16
2020.03.24,12:44:00,1.08296,1.08316,1.08252,1.08267,877.68
2020.03.24,12:45:00,1.08269,1.08275,1.08253,1.08253,404.89
2020.03.24,12:46:00,1.08253,1.0826,1.08221,1.08223,367.37
2020.03.24,12:47:00,1.08223,1.0828,1.08206,1.08272,475.2
2020.03.24,12:48:00,1.08272,1.08296,1.08262,1.08294,461.56
2020.03.24,12:49:00,1.08296,1.08296,1.08211,1.08219,581.73
2020.03.24,12:50:00,1.08217,1.08248,1.08211,1.08233,414.22
2020.03.24,12:51:00,1.08234,1.08242,1.08205,1.08241,475.96
2020.03.24,12:52:00,1.08242,1.08245,1.0821,1.08216,393.25
2020.03.24,12:53:00,1.08215,1.08223,1.0815,1.08189,365.09
2020.03.24,12:54:00,1.0819,1.08248,1.08168,1.08181,534.61
2020.03.24,12:55:00,1.08186,1.08265,1.08138,1.08219,985.65
2020.03.24,12:56:00,1.08219,1.08219,1.08138,1.0817,879.18
2020.03.24,12:57:00,1.08169,1.08187,1.08117,1.08123,372.61
2020.03.24,12:58:00,1.08121,1.0817,1.08121,1.08162,421.86
2020.03.24,12:59:00,1.08162,1.0824,1.08152,1.08222,284.37
2020.03.24,13:00:00,1.08223,1.08279,1.0822,1.08266,424.1
2020.03.24,13:01:00,1.08267,1.08274,1.0819,1.0819,428.45
2020.03.24,13:02:00,1.08185,1.08195,1.08156,1.08171,710.37
2020.03.24,13:03:00,1.0817,1.08223,1.08144,1.08223,537.81
2020.03.24,13:04:00,1.08225,1.08269,1.08212,1.08259,495.52
2020.03.24,13:05:00,1.08259,1.08261,1.08196,1.08229,407.74
2020.03.24,13:06:00,1.08232,1.08274,1.08199,1.08267,435.41
2020.03.24,13:07:00,1.08269,1.08292,1.08257,1.08262,493.26
2020.03.24,13:08:00,1.08261,1.08349,1.08249,1.08345,646.1
2020.03.24,13:09:00,1.08346,1.08368,1.08319,1.0834,609.34
2020.03.24,13:10:00,1.08341,1.08419,1.08341,1.08417,472.01
2020.03.24,13:11:00,1.08416,1.0844,1.08407,1.08431,548.36
2020.03.24,13:12:00,1.08434,1.08459,1.0841,1.08429,461.57
2020.03.24,13:13:00,1.08428,1.08448,1.08405,1.08441,356.59
2020.03.24,13:14:00,1.08443,1.08485,1.08423,1.08431,524.71
2020.03.24,13:15:00,1.08427,1.08445,1.08409,1.08436,436.15
2020.03.24,13:16:00,1.08435,1.08435,1.0841,1.08411,452.13
2020.03.24,13:17:00,1.08414,1.08475,1.08414,1.08466,439.07
2020.03.24,13:18:00,1.08466,1.08537,1.08466,1.08504,400.87
2020.03.24,13:19:00,1.08504,1.08508,1.08481,1.0849,333.56
2020.03.24,13:20:00,1.08488,1.08491,1.0844,1.08473,341.72
2020.03.24,13:21:00,1.08474,1.08484,1.08394,1.08422,509.02
2020.03.24,13:22:00,1.08424,1.08461,1.08409,1.08415,462.99
2020.03.24,13:23:00,1.08414,1.08414,1.08325,1.08331,391.55
2020.03.24,13:24:00,1.0833,1.08443,1.08324,1.08432,355.44
2020.03.24,13:25:00,1.08433,1.08433,1.08372,1.08383,330.56
2020.03.24,13:26:00,1.08384,1.08406,1.08367,1.08367,266.93
2020.03.24,13:27:00,1.08368,1.08369,1.08294,1.0834,674.46
2020.03.24,13:28:00,1.08338,1.08413,1.08338,1.08395,337.53
2020.03.24,13:29:00,1.08395,1.08486,1.08394,1.08443,436.67
2020.03.24,13:30:00,1.08444,1.08444,1.08397,1.08418,1219.5
2020.03.24,13:31:00,1.08423,1.08435,1.08375,1.08375,359.84
2020.03.24,13:32:00,1.08372,1.08389,1.08347,1.08361,281.51
2020.03.24,13:33:00,1.08361,1.08363,1.08312,1.08328,532.69
2020.03.24,13:34:00,1.0833,1.08366,1.0832,1.08332,330.88
2020.03.24,13:35:00,1.08331,1.08352,1.08316,1.08323,597.42
2020.03.24,13:36:00,1.08322,1.08334,1.08225,1.08238,674.18
2020.03.24,13:37:00,1.0824,1.08243,1.08209,1.08231,472.04
2020.03.24,13:38:00,1.08231,1.08231,1.0814,1.08144,785.03
2020.03.24,13:39:00,1.08144,1.08146,1.0802,1.0802,584.03
2020.03.24,13:40:00,1.08022,1.08038,1.07882,1.08002,1098.53
2020.03.24,13:41:00,1.08004,1.08098,1.07997,1.0808,751.69
2020.03.24,13:42:00,1.0808,1.0811,1.0806,1.08106,932.87
2020.03.24,13:43:00,1.0811,1.08127,1.08062,1.08065,797.67
2020.03.24,13:44:00,1.08064,1.08067,1.07967,1.07978,1144.33
2020.03.24,13:45:00,1.07978,1.08033,1.0795,1.08025,1056.28
2020.03.24,13:46:00,1.08025,1.08056,1.07988,1.08035,829.8
2020.03.24,13:47:00,1.08035,1.0813,1.08032,1.08107,597.76
2020.03.24,13:48:00,1.0811,1.08142,1.08092,1.08134,772.08
2020.03.24,13:49:00,1.08135,1.08217,1.08096,1.0821,637.91
2020.03.24,13:50:00,1.0821,1.08213,1.08132,1.08162,837.71
2020.03.24,13:51:00,1.08161,1.08227,1.08156,1.08205,605.73
2020.03.24,13:52:00,1.08206,1.08245,1.08189,1.0819,756.21
2020.03.24,13:53:00,1.08189,1.08198,1.08142,1.08143,679.51
2020.03.24,13:54:00,1.08144,1.08196,1.08144,1.08188,563.49
2020.03.24,13:55:00,1.08188,1.08194,1.08148,1.08164,543.38
2020.03.24,13:56:00,1.08165,1.08215,1.08157,1.08158,473.39
2020.03.24,13:57:00,1.08156,1.08168,1.0804,1.0804,663.94
2020.03.24,13:58:00,1.08041,1.08111,1.07986,1.081,920.43
2020.03.24,13:59:00,1.081,1.08135,1.081,1.08122,483.51
2020.03.24,14:00:00,1.08121,1.08124,1.08073,1.08073,630.93
2020.03.24,14:01:00,1.08071,1.0813,1.08071,1.08093,482.81
2020.03.24,14:02:00,1.08094,1.08184,1.08065,1.08181,597.6
2020.03.24,14:03:00,1.08179,1.08192,1.08106,1.0811,922.05
2020.03.24,14:04:00,1.08113,1.08142,1.08082,1.08134,625.47
2020.03.24,14:05:00,1.08134,1.08143,1.08087,1.08122,682.9
2020.03.24,14:06:00,1.08123,1.08131,1.08081,1.08102,645.9
2020.03.24,14:07:00,1.08102,1.08113,1.08063,1.0808,337.94
2020.03.24,14:08:00,1.08077,1.08151,1.08076,1.08144,388.27
2020.03.24,14:09:00,1.08144,1.08192,1.08135,1.08183,313.92
2020.03.24,14:10:00,1.08185,1.08203,1.08115,1.08115,699.46
2020.03.24,14:11:00,1.08117,1.08129,1.0805,1.08077,682.02
2020.03.24,14:12:00,1.08078,1.08113,1.08068,1.08082,424.57
2020.03.24,14:13:00,1.08082,1.08084,1.08022,1.08028,461.64
2020.03.24,14:14:00,1.08028,1.08041,1.08015,1.08036,583.33
2020.03.24,14:15:00,1.08037,1.08045,1.08008,1.08014,617.33
2020.03.24,14:16:00,1.08015,1.08108,1.08001,1.08106,576.65
2020.03.24,14:17:00,1.08102,1.08126,1.08072,1.08076,370.43
2020.03.24,14:18:00,1.08076,1.08085,1.08036,1.0808,738.92
2020.03.24,14:19:00,1.0808,1.08116,1.08045,1.08045,785.3
2020.03.24,14:20:00,1.08045,1.08072,1.08041,1.08046,858.75
2020.03.24,14:21:00,1.08046,1.08069,1.07987,1.07997,988.99
2020.03.24,14:22:00,1.08004,1.08062,1.07993,1.08015,1106.44
2020.03.24,14:23:00,1.08017,1.08042,1.08007,1.08034,353.54
2020.03.24,14:24:00,1.08033,1.0804,1.08011,1.08025,665.21
2020.03.24,14:25:00,1.08025,1.08029,1.07937,1.07961,872.68
2020.03.24,14:26:00,1.07961,1.0797,1.07895,1.07909,727.57
2020.03.24,14:27:00,1.07911,1.0796,1.07909,1.07942,280.49
2020.03.24,14:28:00,1.07943,1.07944,1.07887,1.07922,424.73
2020.03.24,14:29:00,1.0792,1.0792,1.07831,1.07837,688.28
2020.03.24,14:30:00,1.07837,1.07916,1.07834,1.07873,380.91
2020.03.24,14:31:00,1.07872,1.07917,1.07845,1.07845,356.19
2020.03.24,14:32:00,1.07843,1.07843,1.07723,1.07723,634.72
2020.03.24,14:33:00,1.07721,1.07801,1.0769,1.07742,642.61
2020.03.24,14:34:00,1.07749,1.07784,1.07728,1.07748,531.91
2020.03.24,14:35:00,1.07748,1.07766,1.07707,1.07763,379.61
2020.03.24,14:36:00,1.07763,1.07766,1.07728,1.07751,367.49
2020.03.24,14:37:00,1.07751,1.07769,1.07715,1.07753,472.58
2020.03.24,14:38:00,1.07752,1.0777,1.07701,1.07749,510.08
2020.03.24,14:39:00,1.07749,1.07789,1.0771,1.07745,538.56
2020.03.24,14:40:00,1.07749,1.07837,1.07715,1.07837,401.05
2020.03.24,14:41:00,1.07836,1.07843,1.07785,1.07835,502.21
2020.03.24,14:42:00,1.07833,1.07835,1.0778,1.07794,492.65
2020.03.24,14:43:00,1.07794,1.0786,1.07787,1.07845,441.52
2020.03.24,14:44:00,1.07845,1.07906,1.07845,1.07897,360.86
2020.03.24,14:45:00,1.07898,1.07898,1.0784,1.07856,282.55
2020.03.24,14:46:00,1.07855,1.07871,1.07843,1.07853,186.66
2020.03.24,14:47:00,1.07853,1.0786,1.07834,1.07848,292.57
2020.03.24,14:48:00,1.07848,1.07942,1.07847,1.07895,509.13
2020.03.24,14:49:00,1.07895,1.07903,1.07834,1.0784,316.77
2020.03.24,14:50:00,1.07841,1.07921,1.07836,1.07895,407.94
2020.03.24,14:51:00,1.07896,1.07933,1.07875,1.0788,498.58
2020.03.24,14:52:00,1.07883,1.07899,1.07867,1.07883,321.78
2020.03.24,14:53:00,1.0788,1.07959,1.07866,1.0794,513.7
2020.03.24,14:54:00,1.0794,1.07953,1.07906,1.07948,482.67
2020.03.24,14:55:00,1.0795,1.07974,1.0792,1.07934,369.58
2020.03.24,14:56:00,1.07934,1.07934,1.0786,1.07868,310.57
2020.03.24,14:57:00,1.07868,1.079,1.07859,1.07865,257.41
2020.03.24,14:58:00,1.07865,1.07876,1.07834,1.07862,163.02
2020.03.24,14:59:00,1.07859,1.07889,1.07832,1.07846,500.98
2020.03.24,15:00:00,1.07845,1.07855,1.07799,1.07813,379.34
2020.03.24,15:01:00,1.07813,1.07852,1.07805,1.07837,341.99
2020.03.24,15:02:00,1.07835,1.07835,1.0778,1.07815,346.38
2020.03.24,15:03:00,1.07815,1.07826,1.07792,1.07793,224.51
2020.03.24,15:04:00,1.07793,1.07833,1.07781,1.07817,179.8
2020.03.24,15:05:00,1.07817,1.07817,1.07761,1.07761,230.92
2020.03.24,15:06:00,1.07763,1.07772,1.07723,1.07745,316.77
2020.03.24,15:07:00,1.07745,1.07812,1.07745,1.07767,330.91
2020.03.24,15:08:00,1.07767,1.07783,1.07719,1.07722,225.81
2020.03.24,15:09:00,1.07722,1.07742,1.07701,1.07731,242.46
2020.03.24,15:10:00,1.07731,1.07769,1.07708,1.07748,308.79
2020.03.24,15:11:00,1.07747,1.07774,1.07747,1.07757,343.8
2020.03.24,15:12:00,1.07755,1.07788,1.07752,1.07773,226.53
2020.03.24,15:13:00,1.07773,1.0783,1.0776,1.07822,311.01
2020.03.24,15:14:00,1.07823,1.07832,1.07799,1.07829,304.36
2020.03.24,15:15:00,1.07831,1.07858,1.07801,1.07801,398.54
2020.03.24,15:16:00,1.07802,1.07815,1.0776,1.07814,370.08
2020.03.24,15:17:00,1.07812,1.07842,1.07799,1.07823,270.23
2020.03.24,15:18:00,1.07823,1.07858,1.07792,1.07856,358.7
2020.03.24,15:19:00,1.0786,1.07897,1.07857,1.07893,310.44
2020.03.24,15:20:00,1.07893,1.0792,1.07875,1.07911,214.81
2020.03.24,15:21:00,1.07911,1.07912,1.07865,1.0788,248.63
2020.03.24,15:22:00,1.0788,1.07939,1.0788,1.0791,410.73
2020.03.24,15:23:00,1.07911,1.07963,1.07888,1.07947,324.33
2020.03.24,15:24:00,1.07949,1.07994,1.07944,1.07969,399.19
2020.03.24,15:25:00,1.07969,1.07984,1.07934,1.07938,298.62
2020.03.24,15:26:00,1.07943,1.08002,1.07925,1.07925,631.17
2020.03.24,15:27:00,1.07929,1.07946,1.07913,1.0794,473.96
2020.03.24,15:28:00,1.0794,1.08022,1.07938,1.0798,529.01
2020.03.24,15:29:00,1.0798,1.07984,1.07929,1.07934,395.94
2020.03.24,15:30:00,1.07932,1.07972,1.0791,1.07951,474.61
2020.03.24,15:31:00,1.0795,1.0796,1.07911,1.07934,817.13
2020.03.24,15:32:00,1.07934,1.07947,1.07896,1.07906,502.58
2020.03.24,15:33:00,1.07905,1.07907,1.07833,1.07858,462.66
2020.03.24,15:34:00,1.07857,1.07912,1.07848,1.07912,410.83
2020.03.24,15:35:00,1.07912,1.07922,1.0787,1.0787,353.71
2020.03.24,15:36:00,1.0787,1.07903,1.07837,1.07839,617.27
2020.03.24,15:37:00,1.0784,1.07847,1.07775,1.07797,524.48
2020.03.24,15:38:00,1.07798,1.07849,1.07776,1.07779,553.57
2020.03.24,15:39:00,1.07781,1.07782,1.07732,1.07739,579.17
2020.03.24,15:40:00,1.07739,1.07755,1.0771,1.07739,394.17
2020.03.24,15:41:00,1.07737,1.0778,1.07733,1.0776,411.23
2020.03.24,15:42:00,1.0776,1.07766,1.07713,1.07713,372.46
2020.03.24,15:43:00,1.07713,1.07754,1.07705,1.07737,500.97
2020.03.24,15:44:00,1.07738,1.07802,1.07731,1.07786,418
2020.03.24,15:45:00,1.07784,1.07827,1.07767,1.07827,716.31
2020.03.24,15:46:00,1.07826,1.07879,1.07813,1.07874,551.62
2020.03.24,15:47:00,1.07874,1.0789,1.07853,1.07867,111.79
2020.03.24,15:48:00,1.07867,1.07923,1.07865,1.07873,290.22
2020.03.24,15:49:00,1.07876,1.07883,1.07837,1.07842,267.41
2020.03.24,15:50:00,1.07844,1.07879,1.07806,1.07834,443.86
2020.03.24,15:51:00,1.07834,1.07897,1.07834,1.07886,240.38
2020.03.24,15:52:00,1.07887,1.07922,1.07844,1.07867,192.32
2020.03.24,15:53:00,1.07867,1.07959,1.07867,1.07926,468.76
2020.03.24,15:54:00,1.07926,1.07926,1.07864,1.07866,426.68
2020.03.24,15:55:00,1.07866,1.07894,1.07829,1.0786,440.73
2020.03.24,15:56:00,1.0786,1.07865,1.07823,1.07851,670.58
2020.03.24,15:57:00,1.07851,1.08016,1.07847,1.07991,656.8
2020.03.24,15:58:00,1.07991,1.08011,1.07954,1.07959,618.13
2020.03.24,15:59:00,1.07962,1.07965,1.07905,1.07948,567.08
2020.03.24,16:00:00,1.07953,1.07978,1.07905,1.07968,421.85
2020.03.24,16:01:00,1.07969,1.08004,1.07956,1.07959,487.2
2020.03.24,16:02:00,1.07959,1.07973,1.07928,1.07971,456.1
2020.03.24,16:03:00,1.07978,1.08088,1.07962,1.08082,473.48
2020.03.24,16:04:00,1.08082,1.08095,1.08058,1.0807,363.31
2020.03.24,16:05:00,1.08068,1.08104,1.08068,1.08076,258.17
2020.03.24,16:06:00,1.08076,1.08171,1.08056,1.08168,300.81
2020.03.24,16:07:00,1.08169,1.0821,1.08151,1.08182,534.96
2020.03.24,16:08:00,1.08184,1.08191,1.08117,1.08128,543.71
2020.03.24,16:09:00,1.08129,1.08135,1.08087,1.08107,583.24
2020.03.24,16:10:00,1.08106,1.08175,1.08106,1.08164,438.57
2020.03.24,16:11:00,1.08164,1.08184,1.08113,1.08124,375.64
2020.03.24,16:12:00,1.08123,1.08125,1.08071,1.0811,424.27
2020.03.24,16:13:00,1.08111,1.08119,1.08057,1.08065,299.78
2020.03.24,16:14:00,1.08066,1.08074,1.08032,1.08059,301.31
2020.03.24,16:15:00,1.0806,1.08086,1.08039,1.08078,504.12
2020.03.24,16:16:00,1.08079,1.08085,1.08021,1.08038,580.26
2020.03.24,16:17:00,1.0804,1.08098,1.08038,1.08054,304.54
2020.03.24,16:18:00,1.08054,1.08103,1.08029,1.08029,279.63
2020.03.24,16:19:00,1.08028,1.08044,1.07969,1.07985,617.56
2020.03.24,16:20:00,1.07986,1.08,1.07977,1.07987,364.12
2020.03.24,16:21:00,1.07986,1.07986,1.07932,1.07952,275.17
2020.03.24,16:22:00,1.07953,1.08,1.07933,1.07961,320.22
2020.03.24,16:23:00,1.07961,1.07967,1.07937,1.07951,304.43
2020.03.24,16:24:00,1.07953,1.07971,1.07936,1.07964,164.08
2020.03.24,16:25:00,1.07963,1.07963,1.07883,1.07888,341.79
2020.03.24,16:26:00,1.07889,1.07953,1.07851,1.07953,330.26
2020.03.24,16:27:00,1.07953,1.07997,1.07928,1.07975,592.69
2020.03.24,16:28:00,1.07976,1.07983,1.07927,1.07934,903.15
2020.03.24,16:29:00,1.07936,1.07955,1.07884,1.07884,565.31
2020.03.24,16:30:00,1.07885,1.07927,1.07871,1.07898,613.29
2020.03.24,16:31:00,1.07899,1.07986,1.0789,1.07974,576.76
2020.03.24,16:32:00,1.07975,1.07976,1.07927,1.07942,244.09
2020.03.24,16:33:00,1.07942,1.07943,1.07881,1.07883,613.54
2020.03.24,16:34:00,1.07882,1.07902,1.0785,1.07875,721.73
2020.03.24,16:35:00,1.07874,1.079,1.07846,1.07893,428.47
2020.03.24,16:36:00,1.07893,1.07898,1.07853,1.07898,272.19
2020.03.24,16:37:00,1.07899,1.07899,1.07857,1.07864,237.78
2020.03.24,16:38:00,1.07865,1.07899,1.07856,1.07878,489.81
2020.03.24,16:39:00,1.07878,1.07893,1.07851,1.07851,532.01
2020.03.24,16:40:00,1.07851,1.07857,1.07847,1.07851,82.69
2020.03.24,16:41:00,1.07849,1.07851,1.07758,1.07772,270.33
2020.03.24,16:42:00,1.07771,1.07827,1.07769,1.07811,272.1
2020.03.24,16:43:00,1.07812,1.07825,1.07794,1.07809,109.31
2020.03.24,16:44:00,1.0781,1.0783,1.07784,1.0779,166.89
2020.03.24,16:45:00,1.0779,1.07816,1.07783,1.07793,201.66
2020.03.24,16:46:00,1.07794,1.07841,1.07784,1.07841,131.12
2020.03.24,16:47:00,1.07841,1.07886,1.07823,1.07854,350.86
2020.03.24,16:48:00,1.07853,1.07866,1.07819,1.07835,241.74
2020.03.24,16:49:00,1.07835,1.07841,1.07817,1.07827,240.68
2020.03.24,16:50:00,1.07827,1.07898,1.07825,1.07897,224.95
2020.03.24,16:51:00,1.07896,1.07965,1.07892,1.07937,319.24
2020.03.24,16:52:00,1.07938,1.07942,1.07873,1.0788,241.67
2020.03.24,16:53:00,1.0788,1.07907,1.07876,1.07902,177.84
2020.03.24,16:54:00,1.07901,1.07928,1.07898,1.07927,137.24
2020.03.24,16:55:00,1.07927,1.07956,1.07918,1.07948,170.58
2020.03.24,16:56:00,1.07946,1.07946,1.07907,1.07931,179.45
2020.03.24,16:57:00,1.0793,1.07958,1.07925,1.07929,156.37
2020.03.24,16:58:00,1.07929,1.07959,1.07921,1.07958,161.63
2020.03.24,16:59:00,1.07959,1.07959,1.07903,1.07903,259.94
2020.03.24,17:00:00,1.07904,1.07922,1.07871,1.07897,269.66
2020.03.24,17:01:00,1.07896,1.07923,1.07886,1.079,272.19
2020.03.24,17:02:00,1.07901,1.07913,1.07796,1.07796,300.5
2020.03.24,17:03:00,1.07793,1.0783,1.07749,1.07785,418.02
2020.03.24,17:04:00,1.07785,1.07825,1.07782,1.0782,695.93
2020.03.24,17:05:00,1.07819,1.07834,1.0779,1.07824,404.37
2020.03.24,17:06:00,1.07824,1.07854,1.07788,1.07854,270.43
2020.03.24,17:07:00,1.07854,1.07871,1.07829,1.07871,349.21
2020.03.24,17:08:00,1.07872,1.07917,1.07852,1.07908,273.36
2020.03.24,17:09:00,1.07909,1.07912,1.07872,1.07909,308.6
2020.03.24,17:10:00,1.07908,1.07925,1.07896,1.07907,272.38
2020.03.24,17:11:00,1.07906,1.07908,1.0788,1.07902,117.42
2020.03.24,17:12:00,1.07902,1.07905,1.07878,1.07881,195.5
2020.03.24,17:13:00,1.07879,1.07894,1.0787,1.07887,144.39
2020.03.24,17:14:00,1.07886,1.07886,1.0785,1.07851,134.95
2020.03.24,17:15:00,1.07852,1.07852,1.07819,1.07822,112.31
2020.03.24,17:16:00,1.07822,1.07823,1.07803,1.07812,134.61
2020.03.24,17:17:00,1.07815,1.07831,1.07811,1.0782,106.12
2020.03.24,17:18:00,1.07821,1.07822,1.07801,1.07816,140.02
2020.03.24,17:19:00,1.07815,1.07837,1.07803,1.07804,158.48
2020.03.24,17:20:00,1.07804,1.07811,1.07789,1.07792,194.36
2020.03.24,17:21:00,1.07793,1.07802,1.07768,1.0778,197.34
2020.03.24,17:22:00,1.0778,1.07781,1.07761,1.07765,101.83
2020.03.24,17:23:00,1.07765,1.07791,1.07763,1.0778,83.43
2020.03.24,17:24:00,1.0778,1.07795,1.0777,1.07782,162.01
2020.03.24,17:25:00,1.07781,1.07782,1.07753,1.07754,160.76
2020.03.24,17:26:00,1.07754,1.07757,1.07691,1.07706,334.51
2020.03.24,17:27:00,1.07706,1.0774,1.07704,1.07735,228.45
2020.03.24,17:28:00,1.07734,1.07739,1.07711,1.07712,217.13
2020.03.24,17:29:00,1.07713,1.07731,1.07672,1.07674,346.74
2020.03.24,17:30:00,1.07678,1.07694,1.07654,1.07675,562.27
2020.03.24,17:31:00,1.07675,1.0768,1.07625,1.07632,344.92
2020.03.24,17:32:00,1.07632,1.07673,1.0763,1.07664,455.9
2020.03.24,17:33:00,1.07664,1.07745,1.07657,1.07738,282.2
2020.03.24,17:34:00,1.07738,1.07753,1.0773,1.07751,166.82
2020.03.24,17:35:00,1.07751,1.07759,1.07731,1.07757,122.31
2020.03.24,17:36:00,1.07761,1.07779,1.07756,1.07773,167.53
2020.03.24,17:37:00,1.07774,1.07777,1.0773,1.07748,135.98
2020.03.24,17:38:00,1.07748,1.0777,1.07732,1.07735,199.11
2020.03.24,17:39:00,1.07736,1.07736,1.07656,1.07656,297.93
2020.03.24,17:40:00,1.07657,1.07668,1.07628,1.07657,281.52
2020.03.24,17:41:00,1.07656,1.07678,1.07647,1.07651,139.58
2020.03.24,17:42:00,1.0765,1.0765,1.07622,1.07636,148.78
2020.03.24,17:43:00,1.07635,1.07636,1.07608,1.07609,316.57
2020.03.24,17:44:00,1.07611,1.07611,1.07531,1.07571,330.37
2020.03.24,17:45:00,1.0757,1.07607,1.07569,1.07593,218.83
2020.03.24,17:46:00,1.07592,1.07614,1.07576,1.07607,128.42
2020.03.24,17:47:00,1.07608,1.07661,1.07603,1.07631,194.46
2020.03.24,17:48:00,1.07631,1.07631,1.07573,1.07575,246.63
2020.03.24,17:49:00,1.07575,1.0759,1.07544,1.0759,244.65
2020.03.24,17:50:00,1.07592,1.07593,1.07556,1.07587,250.12
2020.03.24,17:51:00,1.07587,1.07596,1.07565,1.07576,159.91
2020.03.24,17:52:00,1.07576,1.07592,1.07553,1.07592,204.56
2020.03.24,17:53:00,1.07591,1.07598,1.07585,1.07589,193.66
2020.03.24,17:54:00,1.07585,1.07598,1.0758,1.07582,129.08
2020.03.24,17:55:00,1.07583,1.07586,1.07532,1.07585,278.06
2020.03.24,17:56:00,1.07586,1.07601,1.07576,1.07589,135.48
2020.03.24,17:57:00,1.07589,1.076,1.07577,1.07596,110.96
2020.03.24,17:58:00,1.07596,1.07604,1.07564,1.07591,268.01
2020.03.24,17:59:00,1.0759,1.07593,1.07554,1.07565,283.14
2020.03.24,18:00:00,1.07566,1.07574,1.07533,1.07557,327.9
2020.03.24,18:01:00,1.07553,1.0757,1.07535,1.07557,281.61
2020.03.24,18:02:00,1.07556,1.07584,1.07541,1.07583,124.91
2020.03.24,18:03:00,1.07583,1.07584,1.07532,1.07538,257.76
2020.03.24,18:04:00,1.07537,1.07578,1.07531,1.07572,81.13
2020.03.24,18:05:00,1.07568,1.07568,1.07544,1.07551,66.22
2020.03.24,18:06:00,1.07551,1.07551,1.07516,1.07535,271.41
2020.03.24,18:07:00,1.07533,1.07576,1.07532,1.07574,210.19
2020.03.24,18:08:00,1.07575,1.07576,1.07542,1.07544,322.7
2020.03.24,18:09:00,1.07545,1.07556,1.07537,1.0754,484.07
2020.03.24,18:10:00,1.07539,1.07562,1.07538,1.07541,383.07
2020.03.24,18:11:00,1.07537,1.07554,1.07518,1.07554,209.53
2020.03.24,18:12:00,1.07555,1.07582,1.0755,1.07572,199.01
2020.03.24,18:13:00,1.07572,1.07593,1.0756,1.07588,162.18
2020.03.24,18:14:00,1.07588,1.07596,1.07571,1.07591,222.99
2020.03.24,18:15:00,1.07591,1.07634,1.07585,1.07621,187.73
2020.03.24,18:16:00,1.0762,1.07622,1.07612,1.0762,107.49
2020.03.24,18:17:00,1.07619,1.07642,1.07605,1.07626,220.59
2020.03.24,18:18:00,1.07625,1.07645,1.07623,1.07632,121.94
2020.03.24,18:19:00,1.07631,1.07631,1.07607,1.07618,136.3
2020.03.24,18:20:00,1.07618,1.07649,1.07618,1.07649,158.94
2020.03.24,18:21:00,1.07649,1.07662,1.07634,1.07662,306.34
2020.03.24,18:22:00,1.07662,1.07682,1.07654,1.07654,445.49
2020.03.24,18:23:00,1.07652,1.07669,1.07652,1.07666,172.24
2020.03.24,18:24:00,1.07667,1.07675,1.07634,1.07657,204.16
2020.03.24,18:25:00,1.07658,1.07677,1.07645,1.07648,223.28
2020.03.24,18:26:00,1.07649,1.07655,1.07634,1.07649,128.89
2020.03.24,18:27:00,1.07644,1.07677,1.07623,1.07677,170.11
2020.03.24,18:28:00,1.07677,1.07693,1.07666,1.07687,238.2
2020.03.24,18:29:00,1.07687,1.07707,1.07684,1.07696,293.75
2020.03.24,18:30:00,1.07696,1.07717,1.07677,1.07717,468.5
2020.03.24,18:31:00,1.07717,1.07729,1.07702,1.07714,209.87
2020.03.24,18:32:00,1.07712,1.07719,1.07702,1.07714,129.59
2020.03.24,18:33:00,1.07712,1.07723,1.07688,1.07693,149.64
2020.03.24,18:34:00,1.07693,1.07695,1.07673,1.07678,130
2020.03.24,18:35:00,1.07682,1.07682,1.07598,1.07598,141.05
2020.03.24,18:36:00,1.07597,1.07606,1.07583,1.07587,177.52
2020.03.24,18:37:00,1.07586,1.07608,1.07586,1.07607,141.31
2020.03.24,18:38:00,1.07607,1.07607,1.07555,1.0757,156.38
2020.03.24,18:39:00,1.07568,1.07573,1.07541,1.07567,221.53
2020.03.24,18:40:00,1.0757,1.07583,1.07553,1.07561,202.51
2020.03.24,18:41:00,1.07562,1.0758,1.07549,1.07577,114.65
2020.03.24,18:42:00,1.07577,1.07582,1.0754,1.0754,157.13
2020.03.24,18:43:00,1.0754,1.07574,1.0754,1.07553,161.62
2020.03.24,18:44:00,1.07554,1.07571,1.07549,1.07562,93.18
2020.03.24,18:45:00,1.07567,1.0757,1.0755,1.07551,90.96
2020.03.24,18:46:00,1.07551,1.07552,1.07523,1.0753,156.08
2020.03.24,18:47:00,1.0753,1.07534,1.07513,1.07517,120.32
2020.03.24,18:48:00,1.07517,1.0752,1.07503,1.07512,112.41
2020.03.24,18:49:00,1.07513,1.0754,1.07512,1.07533,89.03
2020.03.24,18:50:00,1.07533,1.07554,1.07514,1.07544,227.61
2020.03.24,18:51:00,1.07545,1.07545,1.0753,1.07532,160.32
2020.03.24,18:52:00,1.07532,1.07546,1.07532,1.07539,108.17
2020.03.24,18:53:00,1.07539,1.07555,1.07526,1.07551,147.66
2020.03.24,18:54:00,1.07552,1.07561,1.07545,1.07546,114.15
2020.03.24,18:55:00,1.07545,1.0758,1.07538,1.07577,196.48
2020.03.24,18:56:00,1.07575,1.0761,1.0757,1.07583,213.21
2020.03.24,18:57:00,1.07583,1.07583,1.07533,1.07535,164.9
2020.03.24,18:58:00,1.07534,1.0754,1.07522,1.07531,103.99
2020.03.24,18:59:00,1.07529,1.07595,1.07529,1.07586,183.92
2020.03.24,19:00:00,1.07584,1.07585,1.07554,1.07559,233.68
2020.03.24,19:01:00,1.07558,1.07561,1.07507,1.07514,112.06
2020.03.24,19:02:00,1.07515,1.07535,1.07508,1.07535,89.96
2020.03.24,19:03:00,1.07535,1.0754,1.07503,1.07507,100.58
2020.03.24,19:04:00,1.07508,1.07511,1.07497,1.075,44.64
2020.03.24,19:05:00,1.07502,1.07528,1.07498,1.07523,97.07
2020.03.24,19:06:00,1.07524,1.07543,1.0752,1.07528,168.04
2020.03.24,19:07:00,1.07528,1.0753,1.07513,1.07513,160.93
2020.03.24,19:08:00,1.07514,1.07525,1.07509,1.07518,232.39
2020.03.24,19:09:00,1.07518,1.0752,1.07502,1.07505,158.23
2020.03.24,19:10:00,1.07505,1.0752,1.07503,1.07513,67.5
2020.03.24,19:11:00,1.07513,1.07514,1.075,1.07508,103.37
2020.03.24,19:12:00,1.07508,1.07509,1.07499,1.07503,89.57
2020.03.24,19:13:00,1.07503,1.0751,1.07486,1.07487,71.44
2020.03.24,19:14:00,1.07488,1.0749,1.0747,1.0747,85.96
2020.03.24,19:15:00,1.07467,1.07471,1.07459,1.07466,85.18
2020.03.24,19:16:00,1.07467,1.07481,1.0746,1.07464,143.08
2020.03.24,19:17:00,1.07463,1.07478,1.07461,1.07474,293.95
2020.03.24,19:18:00,1.07476,1.07482,1.07467,1.0748,257.84
2020.03.24,19:19:00,1.0748,1.07486,1.07466,1.07479,155.62
2020.03.24,19:20:00,1.07482,1.07501,1.07467,1.07497,80.72
2020.03.24,19:21:00,1.07497,1.07515,1.07489,1.07491,160
2020.03.24,19:22:00,1.0749,1.07524,1.07486,1.07486,187.54
2020.03.24,19:23:00,1.07487,1.07496,1.07472,1.07481,110.71
2020.03.24,19:24:00,1.0748,1.07486,1.07465,1.07466,131.08
2020.03.24,19:25:00,1.07467,1.07471,1.07464,1.07467,162.65
2020.03.24,19:26:00,1.07466,1.0748,1.07457,1.0746,104.21
2020.03.24,19:27:00,1.07461,1.07468,1.07459,1.07467,132.47
2020.03.24,19:28:00,1.07468,1.07487,1.07461,1.07472,167.49
2020.03.24,19:29:00,1.07472,1.07474,1.0747,1.07473,84.43
2020.03.24,19:30:00,1.07473,1.07489,1.07473,1.07481,130.8
2020.03.24,19:31:00,1.07481,1.07483,1.07467,1.07468,115.28
2020.03.24,19:32:00,1.07468,1.07503,1.07466,1.07497,184.01
2020.03.24,19:33:00,1.07497,1.07507,1.07483,1.07491,92.94
2020.03.24,19:34:00,1.07491,1.07502,1.07484,1.07501,103.56
2020.03.24,19:35:00,1.075,1.075,1.07477,1.075,128.4
2020.03.24,19:36:00,1.07501,1.07523,1.07499,1.07518,96.27
2020.03.24,19:37:00,1.07518,1.07545,1.07515,1.07545,73.82
2020.03.24,19:38:00,1.07545,1.0757,1.07544,1.07566,149.2
2020.03.24,19:39:00,1.07566,1.07566,1.07539,1.07541,187.13
2020.03.24,19:40:00,1.07546,1.07555,1.07519,1.07523,137.8
2020.03.24,19:41:00,1.07523,1.07547,1.07521,1.0753,119.88
2020.03.24,19:42:00,1.0753,1.0753,1.07505,1.07507,103.92
2020.03.24,19:43:00,1.07506,1.07533,1.07497,1.0753,145.75
2020.03.24,19:44:00,1.07533,1.07548,1.07529,1.07548,113.77
2020.03.24,19:45:00,1.07551,1.07551,1.07495,1.075,192.87
2020.03.24,19:46:00,1.07498,1.0751,1.07475,1.07479,128.27
2020.03.24,19:47:00,1.07479,1.07527,1.07479,1.07527,127.68
2020.03.24,19:48:00,1.07527,1.0755,1.07523,1.07547,121.62
2020.03.24,19:49:00,1.0755,1.07554,1.07519,1.07526,199.47
2020.03.24,19:50:00,1.07524,1.0754,1.07501,1.07536,145.78
2020.03.24,19:51:00,1.07536,1.07547,1.07526,1.07545,116.21
2020.03.24,19:52:00,1.07547,1.07574,1.07535,1.07559,186.16
2020.03.24,19:53:00,1.07559,1.07579,1.07555,1.07571,142.23
2020.03.24,19:54:00,1.07569,1.07602,1.07569,1.07593,226.55
2020.03.24,19:55:00,1.07593,1.07641,1.07592,1.07641,71.87
2020.03.24,19:56:00,1.0764,1.07645,1.07615,1.07622,77.59
2020.03.24,19:57:00,1.07623,1.077,1.07623,1.07695,118.46
2020.03.24,19:58:00,1.07693,1.07693,1.07652,1.07683,136.16
2020.03.24,19:59:00,1.07682,1.0774,1.07677,1.07716,104.92
2020.03.24,20:00:00,1.07713,1.07743,1.07706,1.07743,61.18
2020.03.24,20:01:00,1.07744,1.07752,1.07698,1.07716,49.33
2020.03.24,20:02:00,1.07716,1.07734,1.07697,1.07727,50.82
2020.03.24,20:03:00,1.07725,1.07729,1.07702,1.07712,52.35
2020.03.24,20:04:00,1.07713,1.07735,1.07704,1.0772,40.52
2020.03.24,20:05:00,1.07718,1.0774,1.07715,1.07738,7.52
2020.03.24,20:06:00,1.07737,1.07743,1.07716,1.07734,36.55
2020.03.24,20:07:00,1.07737,1.07737,1.07716,1.07718,18.59
2020.03.24,20:08:00,1.0772,1.0772,1.07706,1.07706,27.34
2020.03.24,20:09:00,1.07706,1.07717,1.07706,1.07709,58.48
2020.03.24,20:10:00,1.07709,1.07715,1.0769,1.07709,36.05
2020.03.24,20:11:00,1.07711,1.07712,1.07703,1.07703,42.72
2020.03.24,20:12:00,1.07704,1.07714,1.07704,1.07705,49.53
2020.03.24,20:13:00,1.07705,1.07708,1.07702,1.07703,26.07
2020.03.24,20:14:00,1.077,1.07704,1.07671,1.07672,59.94
2020.03.24,20:15:00,1.0767,1.0767,1.07654,1.07669,26.03
2020.03.24,20:16:00,1.07671,1.07673,1.07663,1.0767,38.33
2020.03.24,20:17:00,1.07669,1.07678,1.07663,1.07677,35.37
2020.03.24,20:18:00,1.07676,1.07681,1.07674,1.07681,19.31
2020.03.24,20:19:00,1.07681,1.07704,1.07681,1.07697,60.21
2020.03.24,20:20:00,1.07698,1.07719,1.07698,1.07718,61.92
2020.03.24,20:21:00,1.07718,1.07726,1.07715,1.07726,87.51
2020.03.24,20:22:00,1.07726,1.07731,1.0772,1.07724,105.04
2020.03.24,20:23:00,1.07724,1.07728,1.07723,1.07726,35.32
2020.03.24,20:24:00,1.0773,1.0773,1.07715,1.07716,46.26
2020.03.24,20:25:00,1.07716,1.07726,1.07713,1.07726,63.12
2020.03.24,20:26:00,1.07726,1.07749,1.07715,1.07745,90.42
2020.03.24,20:27:00,1.07744,1.07752,1.07743,1.07745,81.64
2020.03.24,20:28:00,1.07745,1.07749,1.07744,1.07749,32.72
2020.03.24,20:29:00,1.07749,1.07784,1.07749,1.07782,69.85
2020.03.24,20:30:00,1.07782,1.07812,1.07778,1.07811,97.58
2020.03.24,20:31:00,1.07812,1.07842,1.07809,1.07842,75.9
2020.03.24,20:32:00,1.07842,1.07892,1.07838,1.07892,161.12
2020.03.24,20:33:00,1.07891,1.07891,1.07843,1.07845,107.94
2020.03.24,20:34:00,1.07844,1.07852,1.0784,1.0784,111.05
2020.03.24,20:35:00,1.0784,1.07845,1.0784,1.07843,113.18
2020.03.24,20:36:00,1.07843,1.07843,1.07835,1.07841,74.17
2020.03.24,20:37:00,1.07841,1.07841,1.07811,1.07811,48.45
2020.03.24,20:38:00,1.07811,1.07834,1.0781,1.07833,26.99
2020.03.24,20:39:00,1.07824,1.07829,1.07818,1.07818,60.32
2020.03.24,20:40:00,1.0782,1.0782,1.0779,1.07791,115.1
2020.03.24,20:41:00,1.07791,1.07795,1.0779,1.07794,12.32
2020.03.24,20:42:00,1.07795,1.07795,1.07773,1.07774,50.08
2020.03.24,20:43:00,1.07774,1.07785,1.07769,1.07785,47.15
2020.03.24,20:44:00,1.07786,1.07819,1.07786,1.07819,37.99
2020.03.24,20:45:00,1.07818,1.07849,1.07818,1.07839,381.41
2020.03.24,20:46:00,1.0784,1.07852,1.0783,1.0783,425.94
2020.03.24,20:47:00,1.0783,1.07844,1.07809,1.07837,454.28
2020.03.24,20:48:00,1.0784,1.07879,1.0784,1.07864,73.72
2020.03.24,20:49:00,1.07862,1.07955,1.07862,1.0795,101.98
2020.03.24,20:50:00,1.07952,1.07986,1.07907,1.07913,111.11
2020.03.24,20:51:00,1.07916,1.07958,1.07913,1.07958,63.63
2020.03.24,20:52:00,1.07957,1.07984,1.07955,1.07971,30.29
2020.03.24,20:53:00,1.07972,1.07978,1.07968,1.07972,26.59
2020.03.24,20:54:00,1.07971,1.07974,1.07967,1.07968,4.8
2020.03.24,20:55:00,1.07967,1.07971,1.0796,1.07969,7.21
2020.03.24,20:56:00,1.0797,1.07976,1.07965,1.0797,11.33
2020.03.24,20:57:00,1.07971,1.07974,1.07927,1.07927,14.32
2020.03.24,20:58:00,1.07927,1.0793,1.07868,1.07868,42.43
2020.03.24,20:59:00,1.07867,1.0788,1.07856,1.07861,49.14
2020.03.24,21:00:00,1.07861,1.07863,1.07855,1.07855,16.5
2020.03.24,21:01:00,1.07848,1.07848,1.07728,1.07728,24
2020.03.24,21:02:00,1.07734,1.07791,1.07729,1.07752,34.12
2020.03.24,21:03:00,1.07754,1.07754,1.07752,1.07752,2.25
2020.03.24,21:04:00,1.07783,1.07783,1.07737,1.07761,13.5
2020.03.24,21:05:00,1.07754,1.07775,1.07737,1.07753,44.44
2020.03.24,21:06:00,1.07771,1.07771,1.07672,1.07672,103.87
2020.03.24,21:07:00,1.07676,1.07728,1.07643,1.07688,199.14
2020.03.24,21:08:00,1.07687,1.07694,1.07677,1.07677,9.95
2020.03.24,21:09:00,1.07693,1.07695,1.07692,1.07692,10.87
2020.03.24,21:10:00,1.07692,1.07716,1.07678,1.07716,39.41
2020.03.24,21:11:00,1.07716,1.07716,1.07648,1.07649,12.11
2020.03.24,21:12:00,1.07652,1.07808,1.07652,1.07798,49.36
2020.03.24,21:13:00,1.07829,1.07829,1.07785,1.07806,28.69
2020.03.24,21:14:00,1.07794,1.07811,1.07785,1.0781,16.56
2020.03.24,21:15:00,1.07815,1.07828,1.0781,1.07825,6.96
2020.03.24,21:16:00,1.07825,1.07837,1.07819,1.07819,6.19
2020.03.24,21:17:00,1.07819,1.07819,1.07819,1.07819,0
2020.03.24,21:18:00,1.07839,1.07839,1.07819,1.07819,3.75
2020.03.24,21:19:00,1.07838,1.07841,1.07838,1.07838,9.02
2020.03.24,21:20:00,1.07836,1.07836,1.07819,1.07819,60.75
2020.03.24,21:21:00,1.07819,1.07865,1.07819,1.07865,1.88
2020.03.24,21:22:00,1.07891,1.07891,1.07838,1.07838,10.48
2020.03.24,21:23:00,1.07824,1.0783,1.07824,1.07829,4.5
2020.03.24,21:24:00,1.07837,1.07865,1.07823,1.07865,7.13
2020.03.24,21:25:00,1.07852,1.07852,1.07836,1.07836,16.49
2020.03.24,21:26:00,1.07834,1.07834,1.07818,1.0783,12.71
2020.03.24,21:27:00,1.0783,1.07854,1.07817,1.07818,70.11
2020.03.24,21:28:00,1.07818,1.07841,1.07817,1.07818,17.98
2020.03.24,21:29:00,1.07818,1.07818,1.07817,1.07818,4.95
2020.03.24,21:30:00,1.07817,1.0782,1.07813,1.07813,8.98
2020.03.24,21:31:00,1.07813,1.07833,1.07813,1.07829,7.66
2020.03.24,21:32:00,1.07829,1.0783,1.07817,1.07817,17.23
2020.03.24,21:33:00,1.07817,1.07817,1.07817,1.07817,9
2020.03.24,21:34:00,1.07817,1.07817,1.07817,1.07817,6.75
2020.03.24,21:35:00,1.07819,1.07822,1.07817,1.07818,6.31
2020.03.24,21:36:00,1.07821,1.07821,1.07817,1.07817,9.65
2020.03.24,21:37:00,1.07817,1.07828,1.07817,1.07817,25.46
2020.03.24,21:38:00,1.07817,1.07863,1.07817,1.07828,23.55
2020.03.24,21:39:00,1.07832,1.07855,1.07815,1.0784,24.37
2020.03.24,21:40:00,1.07842,1.07896,1.0784,1.0784,16.87
2020.03.24,21:41:00,1.0784,1.07871,1.07832,1.0787,30.75
2020.03.24,21:42:00,1.0787,1.07874,1.07853,1.07853,15
2020.03.24,21:43:00,1.07871,1.07888,1.07862,1.07862,29.83
2020.03.24,21:44:00,1.07862,1.07862,1.07856,1.07862,21.75
2020.03.24,21:45:00,1.07862,1.07863,1.07862,1.07862,33
2020.03.24,21:46:00,1.07862,1.07863,1.07821,1.07821,40.66
2020.03.24,21:47:00,1.07821,1.07846,1.0777,1.07771,52.8
2020.03.24,21:48:00,1.07771,1.07783,1.0775,1.07782,67.7936
2020.03.24,21:49:00,1.07768,1.0782,1.0775,1.07764,28.8048
2020.03.24,21:50:00,1.07764,1.07779,1.07764,1.07779,4.51
2020.03.24,21:51:00,1.07779,1.0782,1.07779,1.07784,19.89
2020.03.24,21:52:00,1.07783,1.07794,1.07772,1.07778,86.9
2020.03.24,21:53:00,1.07779,1.07837,1.07772,1.07837,9.59
2020.03.24,21:54:00,1.07837,1.07837,1.07828,1.07828,7.98
2020.03.24,21:55:00,1.07822,1.07822,1.07798,1.0781,6.96
2020.03.24,21:56:00,1.0781,1.07839,1.07783,1.07814,22.8
2020.03.24,21:57:00,1.07814,1.07814,1.07791,1.07794,19.44
2020.03.24,21:58:00,1.07794,1.07794,1.07793,1.07794,5.25
2020.03.24,21:59:00,1.07821,1.07829,1.07821,1.07829,1.5
2020.03.24,22:00:00,1.07812,1.07854,1.07803,1.07849,121.935
2020.03.24,22:01:00,1.07849,1.07873,1.07843,1.07844,198.25
2020.03.24,22:02:00,1.07841,1.07887,1.07839,1.07876,170.27
2020.03.24,22:03:00,1.07876,1.07933,1.07864,1.07909,410.11
2020.03.24,22:04:00,1.07909,1.07934,1.07907,1.07907,110.135
2020.03.24,22:05:00,1.07907,1.07917,1.07892,1.07899,38.1
2020.03.24,22:06:00,1.07899,1.07918,1.07899,1.07917,23.79
2020.03.24,22:07:00,1.07918,1.0793,1.07916,1.07926,21.98
2020.03.24,22:08:00,1.07929,1.07942,1.07924,1.07942,47.8
2020.03.24,22:09:00,1.07943,1.07965,1.07942,1.07962,27.09
2020.03.24,22:10:00,1.07962,1.07962,1.07941,1.07943,41.65
2020.03.24,22:11:00,1.07943,1.07955,1.07939,1.07954,33.38
2020.03.24,22:12:00,1.07954,1.07962,1.0795,1.07954,34.12
2020.03.24,22:13:00,1.07953,1.07967,1.0795,1.07967,18
2020.03.24,22:14:00,1.07969,1.07973,1.07969,1.07971,9
2020.03.24,22:15:00,1.0797,1.07982,1.07969,1.07982,8.25
2020.03.24,22:16:00,1.07985,1.07985,1.07982,1.07984,5.25
2020.03.24,22:17:00,1.07983,1.0799,1.07979,1.07987,26.07
2020.03.24,22:18:00,1.07986,1.07986,1.07979,1.07979,16.69
2020.03.24,22:19:00,1.07978,1.07978,1.07972,1.07972,28.13
2020.03.24,22:20:00,1.07973,1.07981,1.0797,1.07971,33.95
2020.03.24,22:21:00,1.07972,1.07982,1.07969,1.07982,12.57
2020.03.24,22:22:00,1.07989,1.07989,1.07975,1.07975,5.46
2020.03.24,22:23:00,1.07976,1.07976,1.07966,1.07969,30.22
2020.03.24,22:24:00,1.07966,1.08016,1.07966,1.08015,42
2020.03.24,22:25:00,1.08019,1.0804,1.08018,1.08035,35.81
2020.03.24,22:26:00,1.08034,1.08043,1.08027,1.08043,48.76
2020.03.24,22:27:00,1.08047,1.08088,1.08036,1.08073,188.47
2020.03.24,22:28:00,1.08072,1.0808,1.0806,1.0808,139.32
2020.03.24,22:29:00,1.08079,1.08083,1.08066,1.08067,121.91
2020.03.24,22:30:00,1.08066,1.08067,1.08007,1.08042,103.09
2020.03.24,22:31:00,1.08045,1.08052,1.08036,1.0804,68.25
2020.03.24,22:32:00,1.08042,1.08046,1.08037,1.08043,29.25
2020.03.24,22:33:00,1.08045,1.08053,1.08044,1.08053,20.25
2020.03.24,22:34:00,1.08052,1.08063,1.08042,1.08042,24.94
2020.03.24,22:35:00,1.08043,1.08053,1.08042,1.08052,38.74
2020.03.24,22:36:00,1.08049,1.08101,1.08048,1.08101,15.97
2020.03.24,22:37:00,1.08106,1.08112,1.08096,1.08105,67.04
2020.03.24,22:38:00,1.08101,1.08128,1.08101,1.08122,31.08
2020.03.24,22:39:00,1.08125,1.08125,1.08101,1.08103,96.89
2020.03.24,22:40:00,1.08102,1.08106,1.08098,1.08104,30.01
2020.03.24,22:41:00,1.08104,1.08105,1.08075,1.08077,88.85
2020.03.24,22:42:00,1.08077,1.08077,1.0806,1.08061,40.94
2020.03.24,22:43:00,1.08061,1.08063,1.08033,1.08035,60.47
2020.03.24,22:44:00,1.08035,1.08048,1.08025,1.08043,46.97
2020.03.24,22:45:00,1.08043,1.08054,1.08038,1.08054,40.34
2020.03.24,22:46:00,1.08051,1.08054,1.08018,1.08027,68.51
2020.03.24,22:47:00,1.08029,1.08032,1.08023,1.0803,27.42
2020.03.24,22:48:00,1.08028,1.08035,1.08018,1.08034,78.13
2020.03.24,22:49:00,1.08044,1.08108,1.08044,1.08103,47.23
2020.03.24,22:50:00,1.081,1.08102,1.08071,1.08074,74.69
2020.03.24,22:51:00,1.08074,1.08076,1.08066,1.08074,26.43
2020.03.24,22:52:00,1.08075,1.0809,1.08073,1.0808,33.32
2020.03.24,22:53:00,1.08082,1.08095,1.0808,1.08089,66.93
2020.03.24,22:54:00,1.08092,1.08095,1.08089,1.08094,42.32
2020.03.24,22:55:00,1.08097,1.08147,1.08094,1.08143,69
2020.03.24,22:56:00,1.08143,1.0815,1.08124,1.08147,40.7
2020.03.24,22:57:00,1.08147,1.08147,1.08128,1.08136,35.25
2020.03.24,22:58:00,1.08136,1.0814,1.08133,1.08136,43.5
2020.03.24,22:59:00,1.08126,1.08126,1.08112,1.08115,38.29
2020.03.24,23:00:00,1.08115,1.08142,1.08109,1.08109,108.12
2020.03.24,23:01:00,1.08109,1.08117,1.08109,1.08117,32.15
2020.03.24,23:02:00,1.08116,1.08126,1.08116,1.08121,58.13
2020.03.24,23:03:00,1.08122,1.08124,1.08075,1.08075,75.34
2020.03.24,23:04:00,1.08077,1.08101,1.08077,1.08078,54.16
2020.03.24,23:05:00,1.08078,1.08092,1.08071,1.08086,74.25
2020.03.24,23:06:00,1.08087,1.08095,1.08083,1.08084,27.49
2020.03.24,23:07:00,1.08079,1.08112,1.08075,1.08111,56.25
2020.03.24,23:08:00,1.08113,1.08128,1.08105,1.08106,63.23
2020.03.24,23:09:00,1.08107,1.08147,1.08107,1.08118,57.88
2020.03.24,23:10:00,1.0812,1.08134,1.08119,1.08134,39
2020.03.24,23:11:00,1.08133,1.08134,1.081,1.081,64.8
2020.03.24,23:12:00,1.081,1.08113,1.08097,1.08113,17.33
2020.03.24,23:13:00,1.08115,1.08131,1.08104,1.08106,57.49
2020.03.24,23:14:00,1.08105,1.08116,1.08102,1.08106,12.68
2020.03.24,23:15:00,1.08106,1.08106,1.08103,1.08104,9
2020.03.24,23:16:00,1.08104,1.08114,1.08104,1.08113,10.05
2020.03.24,23:17:00,1.08114,1.08114,1.08093,1.08096,18
2020.03.24,23:18:00,1.08095,1.08099,1.08094,1.08094,13.8
2020.03.24,23:19:00,1.08097,1.08102,1.08093,1.08094,56.45
2020.03.24,23:20:00,1.08094,1.08101,1.08092,1.08098,94.7
2020.03.24,23:21:00,1.08097,1.08099,1.08095,1.08096,63.19
2020.03.24,23:22:00,1.08095,1.08095,1.0809,1.08091,55.62
2020.03.24,23:23:00,1.08091,1.08091,1.08066,1.0807,76.73
2020.03.24,23:24:00,1.08071,1.08073,1.0803,1.0803,95.86
2020.03.24,23:25:00,1.08031,1.08033,1.0798,1.07983,114.3
2020.03.24,23:26:00,1.07982,1.07988,1.07978,1.07983,113.63
2020.03.24,23:27:00,1.07983,1.07983,1.07969,1.07976,51.93
2020.03.24,23:28:00,1.07981,1.07981,1.07974,1.07975,64.16
2020.03.24,23:29:00,1.07975,1.07981,1.07974,1.07975,113.39
2020.03.24,23:30:00,1.07975,1.08002,1.07974,1.07999,140.03
2020.03.24,23:31:00,1.08003,1.08034,1.07999,1.08031,39.37
2020.03.24,23:32:00,1.08032,1.08072,1.08032,1.08071,78.79
2020.03.24,23:33:00,1.08072,1.08072,1.0805,1.08055,56.72
2020.03.24,23:34:00,1.08055,1.08057,1.08037,1.08037,86.88
2020.03.24,23:35:00,1.08036,1.08041,1.08024,1.0804,46.75
2020.03.24,23:36:00,1.0804,1.08055,1.08029,1.08036,71.18
2020.03.24,23:37:00,1.08036,1.08038,1.08015,1.08019,51.2
2020.03.24,23:38:00,1.08019,1.08027,1.08017,1.08025,83.38
2020.03.24,23:39:00,1.08023,1.08033,1.08023,1.08032,217.32
2020.03.24,23:40:00,1.08032,1.08042,1.08027,1.0804,229.88
2020.03.24,23:41:00,1.08041,1.08088,1.08041,1.08074,110.75
2020.03.24,23:42:00,1.08075,1.0808,1.08069,1.08075,71.23
2020.03.24,23:43:00,1.08075,1.08076,1.08065,1.08071,80.59
2020.03.24,23:44:00,1.08069,1.08077,1.08069,1.08075,84.68
2020.03.24,23:45:00,1.08074,1.0808,1.08068,1.08071,88.21
2020.03.24,23:46:00,1.08073,1.08088,1.08073,1.08087,15.49
2020.03.24,23:47:00,1.08092,1.08092,1.08083,1.08086,17.36
2020.03.24,23:48:00,1.08084,1.0809,1.08082,1.08087,23.89
2020.03.24,23:49:00,1.08087,1.08088,1.08084,1.08084,22.06
2020.03.24,23:50:00,1.08085,1.08089,1.08084,1.08085,17.62
2020.03.24,23:51:00,1.08085,1.08086,1.08085,1.08085,14.25
2020.03.24,23:52:00,1.08085,1.08106,1.08085,1.08105,38.5
2020.03.24,23:53:00,1.08107,1.08116,1.08084,1.08084,82.66
2020.03.24,23:54:00,1.08084,1.08086,1.0807,1.08078,28.59
2020.03.24,23:55:00,1.08079,1.08092,1.08073,1.0808,147.48
2020.03.24,23:56:00,1.08079,1.0808,1.08052,1.08052,147.98
2020.03.24,23:57:00,1.08052,1.08052,1.08023,1.08024,105.76
2020.03.24,23:58:00,1.08027,1.08032,1.0798,1.07983,200.96
2020.03.24,23:59:00,1.07981,1.07986,1.07973,1.07977,293.93
2020.03.25,00:00:00,1.07978,1.08021,1.07946,1.07947,343.66
2020.03.25,00:01:00,1.07948,1.07957,1.07909,1.07913,197.59
2020.03.25,00:02:00,1.07914,1.07915,1.07876,1.07892,358.72
2020.03.25,00:03:00,1.07891,1.07929,1.07884,1.07894,234.24
2020.03.25,00:04:00,1.07894,1.07933,1.0789,1.0792,276.25
2020.03.25,00:05:00,1.0792,1.07983,1.0792,1.07956,218.28
2020.03.25,00:06:00,1.07955,1.07956,1.07942,1.07951,203.13
2020.03.25,00:07:00,1.0795,1.07986,1.07946,1.07967,252.71
2020.03.25,00:08:00,1.07966,1.07987,1.0792,1.0793,182.44
2020.03.25,00:09:00,1.07929,1.07945,1.07928,1.0793,180.12
2020.03.25,00:10:00,1.0793,1.07946,1.07919,1.07945,80.4
2020.03.25,00:11:00,1.07945,1.0797,1.07936,1.07943,124.45
2020.03.25,00:12:00,1.07942,1.07942,1.07919,1.07933,142.2
2020.03.25,00:13:00,1.07933,1.07943,1.07925,1.07933,218.01
2020.03.25,00:14:00,1.07931,1.07931,1.0792,1.07927,139.13
2020.03.25,00:15:00,1.07928,1.07949,1.07926,1.07941,253.08
2020.03.25,00:16:00,1.0794,1.07998,1.0794,1.07996,216.04
2020.03.25,00:17:00,1.07994,1.07997,1.07952,1.07957,172.62
2020.03.25,00:18:00,1.07956,1.07966,1.07952,1.07964,61.1
2020.03.25,00:19:00,1.07967,1.07981,1.07967,1.07976,107.23
2020.03.25,00:20:00,1.07976,1.08005,1.07965,1.07972,146.44
2020.03.25,00:21:00,1.07972,1.07972,1.07929,1.07937,114.77
2020.03.25,00:22:00,1.07936,1.07941,1.0793,1.07935,127.73
2020.03.25,00:23:00,1.07934,1.07937,1.07914,1.07937,113.35
2020.03.25,00:24:00,1.07937,1.07937,1.0791,1.07911,141.96
2020.03.25,00:25:00,1.07912,1.07916,1.07879,1.07885,138.83
2020.03.25,00:26:00,1.07886,1.07905,1.07881,1.07899,58.41
2020.03.25,00:27:00,1.07901,1.07922,1.07898,1.07917,100.91
2020.03.25,00:28:00,1.07915,1.0793,1.07911,1.07915,98.84
2020.03.25,00:29:00,1.07915,1.07915,1.07881,1.0791,126.86
2020.03.25,00:30:00,1.07908,1.07926,1.07904,1.07926,241.71
2020.03.25,00:31:00,1.07925,1.07925,1.07902,1.07905,212.99
2020.03.25,00:32:00,1.07904,1.07907,1.07886,1.07886,147.39
2020.03.25,00:33:00,1.07886,1.07888,1.07831,1.07832,202.63
2020.03.25,00:34:00,1.07831,1.0784,1.07799,1.07838,214.71
2020.03.25,00:35:00,1.07838,1.07857,1.0782,1.0785,177.52
2020.03.25,00:36:00,1.07848,1.07852,1.0783,1.07838,184.69
2020.03.25,00:37:00,1.07838,1.07838,1.07792,1.0782,210.71
2020.03.25,00:38:00,1.07819,1.07836,1.07812,1.0782,227.42
2020.03.25,00:39:00,1.07819,1.07828,1.07801,1.07819,166.87
2020.03.25,00:40:00,1.07818,1.07825,1.07799,1.07819,126.19
2020.03.25,00:41:00,1.0782,1.07836,1.07819,1.07823,144.3
2020.03.25,00:42:00,1.07822,1.07865,1.07821,1.07855,82.54
2020.03.25,00:43:00,1.07854,1.07858,1.07842,1.07843,80.46
2020.03.25,00:44:00,1.07843,1.07843,1.07828,1.07828,79.9
2020.03.25,00:45:00,1.0783,1.07849,1.07821,1.07845,63.81
2020.03.25,00:46:00,1.07845,1.07851,1.07833,1.07845,72.53
2020.03.25,00:47:00,1.07845,1.07864,1.07843,1.0785,213.2
2020.03.25,00:48:00,1.07853,1.07869,1.07849,1.07867,117.83
2020.03.25,00:49:00,1.07868,1.07893,1.07864,1.07883,158.5
2020.03.25,00:50:00,1.07882,1.07886,1.07772,1.07772,366.38
2020.03.25,00:51:00,1.07774,1.07785,1.07741,1.07744,299.86
2020.03.25,00:52:00,1.07745,1.07747,1.07672,1.07678,328.89
2020.03.25,00:53:00,1.07677,1.07707,1.07638,1.07638,327.85
2020.03.25,00:54:00,1.07638,1.07883,1.07599,1.0787,509.35
2020.03.25,00:55:00,1.0787,1.07902,1.07769,1.07807,556.92
2020.03.25,00:56:00,1.07804,1.07865,1.07774,1.07863,319.53
2020.03.25,00:57:00,1.07862,1.07871,1.07828,1.07836,221.72
2020.03.25,00:58:00,1.07838,1.07872,1.07835,1.07866,85.99
2020.03.25,00:59:00,1.07864,1.0788,1.07851,1.0787,85.81
2020.03.25,01:00:00,1.07868,1.07905,1.07868,1.07871,123.93
2020.03.25,01:01:00,1.07872,1.07873,1.07838,1.07861,105.8
2020.03.25,01:02:00,1.07861,1.07906,1.07852,1.07896,133.96
2020.03.25,01:03:00,1.07897,1.07928,1.07887,1.07894,192.7
2020.03.25,01:04:00,1.07891,1.07938,1.07882,1.07936,124.01
2020.03.25,01:05:00,1.07941,1.07971,1.07936,1.07967,111.16
2020.03.25,01:06:00,1.07969,1.07991,1.07958,1.07959,228.07
2020.03.25,01:07:00,1.07958,1.07973,1.07941,1.07943,140.53
2020.03.25,01:08:00,1.07944,1.07947,1.07924,1.07933,150.89
2020.03.25,01:09:00,1.07933,1.07962,1.07933,1.07961,71.35
2020.03.25,01:10:00,1.07961,1.07969,1.07953,1.07966,123.75
2020.03.25,01:11:00,1.07966,1.07985,1.07966,1.07971,279.67